formula_index,location,document_paragraph,context,source_object,source_formula_decoded_now,converted_formula_in_existing_docx,diagnostic_normalized_source,diagnostic_normalized_converted,mismatch_reason,current_decoder_valid,current_decoder_error
1,"{'block_index': 1, 'paragraph_index': 1, 'table_index': None, 'row': None, 'col': None, 'run_index': 11, 'in_table_cell': False}",2,▲圖1▲圖1如圖1，國外某一湖泊，建商想在湖泊旁蓋A、B兩棟度假飯店，今在湖之遠處C點，測得[MathType OLE]公里、[MathType OLE]公里，且[MathType OLE]，利用上述條件，如何求得A、B兩棟飯店之間的直線距離呢？,word/embeddings/oleObject1.bin,$  {\overline{ CA }} =2\sqrt[] { 2 } $,[MATH_PARSE_FAILED_1],{\overline{ CA }} =2\sqrt[] { 2 },[MATH_PARSE_FAILED_1],conversion_failure_placeholder; historical per-object error unavailable,True,
2,"{'block_index': 1, 'paragraph_index': 1, 'table_index': None, 'row': None, 'col': None, 'run_index': 13, 'in_table_cell': False}",2,▲圖1▲圖1如圖1，國外某一湖泊，建商想在湖泊旁蓋A、B兩棟度假飯店，今在湖之遠處C點，測得[MathType OLE]公里、[MathType OLE]公里，且[MathType OLE]，利用上述條件，如何求得A、B兩棟飯店之間的直線距離呢？,word/embeddings/oleObject2.bin,$  {\overline{ CB }} =4 $,[MATH_PARSE_FAILED_2],{\overline{ CB }} =4,[MATH_PARSE_FAILED_2],conversion_failure_placeholder; historical per-object error unavailable,True,
3,"{'block_index': 1, 'paragraph_index': 1, 'table_index': None, 'row': None, 'col': None, 'run_index': 15, 'in_table_cell': False}",2,▲圖1▲圖1如圖1，國外某一湖泊，建商想在湖泊旁蓋A、B兩棟度假飯店，今在湖之遠處C點，測得[MathType OLE]公里、[MathType OLE]公里，且[MathType OLE]，利用上述條件，如何求得A、B兩棟飯店之間的直線距離呢？,word/embeddings/oleObject3.bin,$ \angle ACB=135{}^\circ  $,[MATH_PARSE_FAILED_3],\angle ACB=135{}^\circ,[MATH_PARSE_FAILED_3],conversion_failure_placeholder; historical per-object error unavailable,True,
4,"{'block_index': 4, 'paragraph_index': 5, 'table_index': 0, 'row': 1, 'col': 0, 'run_index': 1, 'in_table_cell': True}",8,三角形的面積公式是[MathType OLE](底[MathType OLE]高)，這是已知底和高的情況下，如果只知道△ABC的兩邊長及其夾角，該如何計算△ABC的面積呢？,word/embeddings/oleObject4.bin,$ \frac { 1 } { 2 } $,[MATH_PARSE_FAILED_4],\frac { 1 } { 2 },[MATH_PARSE_FAILED_4],conversion_failure_placeholder; historical per-object error unavailable,True,
5,"{'block_index': 4, 'paragraph_index': 5, 'table_index': 0, 'row': 1, 'col': 0, 'run_index': 4, 'in_table_cell': True}",8,三角形的面積公式是[MathType OLE](底[MathType OLE]高)，這是已知底和高的情況下，如果只知道△ABC的兩邊長及其夾角，該如何計算△ABC的面積呢？,word/embeddings/oleObject5.bin,$ \times  $,[MATH_PARSE_FAILED_5],\times,[MATH_PARSE_FAILED_5],conversion_failure_placeholder; historical per-object error unavailable,True,
6,"{'block_index': 5, 'paragraph_index': 6, 'table_index': None, 'row': None, 'col': None, 'run_index': 1, 'in_table_cell': False}",9,為了方便討論，設[MathType OLE]表示△ABC的面積，a、b、c分別表示[MathType OLE]、[MathType OLE]、[MathType OLE]之對邊長，令△ABC中[MathType OLE]上的高為[MathType OLE]，可分三種情形討論如下：,word/embeddings/oleObject6.bin,$ \Delta  $,[MATH_PARSE_FAILED_6],\Delta,[MATH_PARSE_FAILED_6],conversion_failure_placeholder; historical per-object error unavailable,True,
7,"{'block_index': 5, 'paragraph_index': 6, 'table_index': None, 'row': None, 'col': None, 'run_index': 12, 'in_table_cell': False}",9,為了方便討論，設[MathType OLE]表示△ABC的面積，a、b、c分別表示[MathType OLE]、[MathType OLE]、[MathType OLE]之對邊長，令△ABC中[MathType OLE]上的高為[MathType OLE]，可分三種情形討論如下：,word/embeddings/oleObject7.bin,$ \angle A $,[MATH_PARSE_FAILED_7],\angle A,[MATH_PARSE_FAILED_7],conversion_failure_placeholder; historical per-object error unavailable,True,
8,"{'block_index': 5, 'paragraph_index': 6, 'table_index': None, 'row': None, 'col': None, 'run_index': 14, 'in_table_cell': False}",9,為了方便討論，設[MathType OLE]表示△ABC的面積，a、b、c分別表示[MathType OLE]、[MathType OLE]、[MathType OLE]之對邊長，令△ABC中[MathType OLE]上的高為[MathType OLE]，可分三種情形討論如下：,word/embeddings/oleObject8.bin,$ \angle B $,[MATH_PARSE_FAILED_8],\angle B,[MATH_PARSE_FAILED_8],conversion_failure_placeholder; historical per-object error unavailable,True,
9,"{'block_index': 5, 'paragraph_index': 6, 'table_index': None, 'row': None, 'col': None, 'run_index': 16, 'in_table_cell': False}",9,為了方便討論，設[MathType OLE]表示△ABC的面積，a、b、c分別表示[MathType OLE]、[MathType OLE]、[MathType OLE]之對邊長，令△ABC中[MathType OLE]上的高為[MathType OLE]，可分三種情形討論如下：,word/embeddings/oleObject9.bin,$ \angle C $,[MATH_PARSE_FAILED_9],\angle C,[MATH_PARSE_FAILED_9],conversion_failure_placeholder; historical per-object error unavailable,True,
10,"{'block_index': 5, 'paragraph_index': 6, 'table_index': None, 'row': None, 'col': None, 'run_index': 21, 'in_table_cell': False}",9,為了方便討論，設[MathType OLE]表示△ABC的面積，a、b、c分別表示[MathType OLE]、[MathType OLE]、[MathType OLE]之對邊長，令△ABC中[MathType OLE]上的高為[MathType OLE]，可分三種情形討論如下：,word/embeddings/oleObject10.bin,$  {\overline{ AB }}  $,[MATH_PARSE_FAILED_10],{\overline{ AB }},[MATH_PARSE_FAILED_10],conversion_failure_placeholder; historical per-object error unavailable,True,
11,"{'block_index': 5, 'paragraph_index': 6, 'table_index': None, 'row': None, 'col': None, 'run_index': 23, 'in_table_cell': False}",9,為了方便討論，設[MathType OLE]表示△ABC的面積，a、b、c分別表示[MathType OLE]、[MathType OLE]、[MathType OLE]之對邊長，令△ABC中[MathType OLE]上的高為[MathType OLE]，可分三種情形討論如下：,word/embeddings/oleObject11.bin,$  {\overline{ CD }}  $,[MATH_PARSE_FAILED_11],{\overline{ CD }},[MATH_PARSE_FAILED_11],conversion_failure_placeholder; historical per-object error unavailable,True,
12,"{'block_index': 6, 'paragraph_index': 7, 'table_index': None, 'row': None, 'col': None, 'run_index': 4, 'in_table_cell': False}",10,(1)[MathType OLE]為銳角時　　　　　(2)[MathType OLE]為直角時　　　　　(3)[MathType OLE]為鈍角時,word/embeddings/oleObject12.bin,$ \angle A $,[MATH_PARSE_FAILED_12],\angle A,[MATH_PARSE_FAILED_12],conversion_failure_placeholder; historical per-object error unavailable,True,
13,"{'block_index': 6, 'paragraph_index': 7, 'table_index': None, 'row': None, 'col': None, 'run_index': 8, 'in_table_cell': False}",10,(1)[MathType OLE]為銳角時　　　　　(2)[MathType OLE]為直角時　　　　　(3)[MathType OLE]為鈍角時,word/embeddings/oleObject13.bin,$ \angle A $,[MATH_PARSE_FAILED_13],\angle A,[MATH_PARSE_FAILED_13],conversion_failure_placeholder; historical per-object error unavailable,True,
14,"{'block_index': 6, 'paragraph_index': 7, 'table_index': None, 'row': None, 'col': None, 'run_index': 11, 'in_table_cell': False}",10,(1)[MathType OLE]為銳角時　　　　　(2)[MathType OLE]為直角時　　　　　(3)[MathType OLE]為鈍角時,word/embeddings/oleObject14.bin,$ \angle A $,[MATH_PARSE_FAILED_14],\angle A,[MATH_PARSE_FAILED_14],conversion_failure_placeholder; historical per-object error unavailable,True,
15,"{'block_index': 9, 'paragraph_index': 10, 'table_index': None, 'row': None, 'col': None, 'run_index': 15, 'in_table_cell': False}",13,關鍵是要先求得三角形的高關鍵是要先求得三角形的高整理(1)、(2)、(3)知任意三角形之高均為[MathType OLE],word/embeddings/oleObject15.bin,$  {\overline{ CD }} =bsinA $,[MATH_PARSE_FAILED_15],{\overline{ CD }} =bsinA,[MATH_PARSE_FAILED_15],conversion_failure_placeholder; historical per-object error unavailable,True,
16,"{'block_index': 10, 'paragraph_index': 11, 'table_index': None, 'row': None, 'col': None, 'run_index': 2, 'in_table_cell': False}",16,所以[MathType OLE]……①,word/embeddings/oleObject16.bin,$ \Delta =\frac { 1 } { 2 }(底\times 高)=\frac { 1 } { 2 }\times  {\overline{ AB }} \times  {\overline{ CD }} =\frac { 1 } { 2 }\times c\times bsinA=\frac { 1 } { 2 }bcsinA $,[MATH_PARSE_FAILED_16],\Delta =\frac { 1 } { 2 }(底\times 高)=\frac { 1 } { 2 }\times {\overline{ AB }} \times {\overline{ CD }} =\frac { 1 } { 2 }\times c\times bsinA=\frac { 1 } { 2 }bcsinA,[MATH_PARSE_FAILED_16],conversion_failure_placeholder; historical per-object error unavailable,True,
17,"{'block_index': 11, 'paragraph_index': 12, 'table_index': None, 'row': None, 'col': None, 'run_index': 1, 'in_table_cell': False}",17,同理可得[MathType OLE]……②,word/embeddings/oleObject17.bin,$ \Delta =\frac { 1 } { 2 }absinC=\frac { 1 } { 2 }acsinB $,[MATH_PARSE_FAILED_17],\Delta =\frac { 1 } { 2 }absinC=\frac { 1 } { 2 }acsinB,[MATH_PARSE_FAILED_17],conversion_failure_placeholder; historical per-object error unavailable,True,
18,"{'block_index': 13, 'paragraph_index': 15, 'table_index': 1, 'row': 1, 'col': 0, 'run_index': 1, 'in_table_cell': True}",20,設[MathType OLE]表示△ABC的面積，a、b、c分別表示[MathType OLE]、[MathType OLE]、[MathType OLE]之對邊長，則[MathType OLE],word/embeddings/oleObject18.bin,$ \Delta  $,[MATH_PARSE_FAILED_18],\Delta,[MATH_PARSE_FAILED_18],conversion_failure_placeholder; historical per-object error unavailable,True,
19,"{'block_index': 13, 'paragraph_index': 15, 'table_index': 1, 'row': 1, 'col': 0, 'run_index': 12, 'in_table_cell': True}",20,設[MathType OLE]表示△ABC的面積，a、b、c分別表示[MathType OLE]、[MathType OLE]、[MathType OLE]之對邊長，則[MathType OLE],word/embeddings/oleObject19.bin,$ \angle A $,[MATH_PARSE_FAILED_19],\angle A,[MATH_PARSE_FAILED_19],conversion_failure_placeholder; historical per-object error unavailable,True,
20,"{'block_index': 13, 'paragraph_index': 15, 'table_index': 1, 'row': 1, 'col': 0, 'run_index': 14, 'in_table_cell': True}",20,設[MathType OLE]表示△ABC的面積，a、b、c分別表示[MathType OLE]、[MathType OLE]、[MathType OLE]之對邊長，則[MathType OLE],word/embeddings/oleObject20.bin,$ \angle B $,[MATH_PARSE_FAILED_20],\angle B,[MATH_PARSE_FAILED_20],conversion_failure_placeholder; historical per-object error unavailable,True,
21,"{'block_index': 13, 'paragraph_index': 15, 'table_index': 1, 'row': 1, 'col': 0, 'run_index': 16, 'in_table_cell': True}",20,設[MathType OLE]表示△ABC的面積，a、b、c分別表示[MathType OLE]、[MathType OLE]、[MathType OLE]之對邊長，則[MathType OLE],word/embeddings/oleObject21.bin,$ \angle C $,[MATH_PARSE_FAILED_21],\angle C,[MATH_PARSE_FAILED_21],conversion_failure_placeholder; historical per-object error unavailable,True,
22,"{'block_index': 13, 'paragraph_index': 15, 'table_index': 1, 'row': 1, 'col': 0, 'run_index': 19, 'in_table_cell': True}",20,設[MathType OLE]表示△ABC的面積，a、b、c分別表示[MathType OLE]、[MathType OLE]、[MathType OLE]之對邊長，則[MathType OLE],word/embeddings/oleObject22.bin,$ \Delta =\frac { 1 } { 2 }absinC=\frac { 1 } { 2 }bcsinA=\frac { 1 } { 2 }acsinB $,[MATH_PARSE_FAILED_22],\Delta =\frac { 1 } { 2 }absinC=\frac { 1 } { 2 }bcsinA=\frac { 1 } { 2 }acsinB,[MATH_PARSE_FAILED_22],conversion_failure_placeholder; historical per-object error unavailable,True,
23,"{'block_index': 16, 'paragraph_index': 22, 'table_index': 2, 'row': 0, 'col': 0, 'run_index': 4, 'in_table_cell': True}",29,在△ABC中，已知[MathType OLE]、[MathType OLE]且[MathType OLE]，試求△ABC的面積。,word/embeddings/oleObject23.bin,$  {\overline{ AB }} =4 $,[MATH_PARSE_FAILED_23],{\overline{ AB }} =4,[MATH_PARSE_FAILED_23],conversion_failure_placeholder; historical per-object error unavailable,True,
24,"{'block_index': 16, 'paragraph_index': 22, 'table_index': 2, 'row': 0, 'col': 0, 'run_index': 6, 'in_table_cell': True}",29,在△ABC中，已知[MathType OLE]、[MathType OLE]且[MathType OLE]，試求△ABC的面積。,word/embeddings/oleObject24.bin,$  {\overline{ AC }} =\sqrt[] { 3 } $,[MATH_PARSE_FAILED_24],{\overline{ AC }} =\sqrt[] { 3 },[MATH_PARSE_FAILED_24],conversion_failure_placeholder; historical per-object error unavailable,True,
25,"{'block_index': 16, 'paragraph_index': 22, 'table_index': 2, 'row': 0, 'col': 0, 'run_index': 8, 'in_table_cell': True}",29,在△ABC中，已知[MathType OLE]、[MathType OLE]且[MathType OLE]，試求△ABC的面積。,word/embeddings/oleObject25.bin,$ \angle A=120{}^\circ  $,[MATH_PARSE_FAILED_25],\angle A=120{}^\circ,[MATH_PARSE_FAILED_25],conversion_failure_placeholder; historical per-object error unavailable,True,
26,"{'block_index': 16, 'paragraph_index': 23, 'table_index': 2, 'row': 1, 'col': 0, 'run_index': 12, 'in_table_cell': True}",30,畫出圖形，兩邊邊長及其夾角畫出圖形，兩邊邊長及其夾角令[MathType OLE]，[MathType OLE]利用面積公式，得△ABC面積[MathType OLE][MathType OLE][MathType OLE]（平方單位）,word/embeddings/oleObject26.bin,$  {\overline{ AB }} =c=4 $,[MATH_PARSE_FAILED_26],{\overline{ AB }} =c=4,[MATH_PARSE_FAILED_26],conversion_failure_placeholder; historical per-object error unavailable,True,
27,"{'block_index': 16, 'paragraph_index': 23, 'table_index': 2, 'row': 1, 'col': 0, 'run_index': 14, 'in_table_cell': True}",30,畫出圖形，兩邊邊長及其夾角畫出圖形，兩邊邊長及其夾角令[MathType OLE]，[MathType OLE]利用面積公式，得△ABC面積[MathType OLE][MathType OLE][MathType OLE]（平方單位）,word/embeddings/oleObject27.bin,$  {\overline{ AC }} =b=\sqrt[] { 3 } $,[MATH_PARSE_FAILED_27],{\overline{ AC }} =b=\sqrt[] { 3 },[MATH_PARSE_FAILED_27],conversion_failure_placeholder; historical per-object error unavailable,True,
28,"{'block_index': 16, 'paragraph_index': 23, 'table_index': 2, 'row': 1, 'col': 0, 'run_index': 21, 'in_table_cell': True}",30,畫出圖形，兩邊邊長及其夾角畫出圖形，兩邊邊長及其夾角令[MathType OLE]，[MathType OLE]利用面積公式，得△ABC面積[MathType OLE][MathType OLE][MathType OLE]（平方單位）,word/embeddings/oleObject28.bin,$ =\frac { 1 } { 2 }bcsinA $,[MATH_PARSE_FAILED_28],=\frac { 1 } { 2 }bcsinA,[MATH_PARSE_FAILED_28],conversion_failure_placeholder; historical per-object error unavailable,True,
29,"{'block_index': 16, 'paragraph_index': 23, 'table_index': 2, 'row': 1, 'col': 0, 'run_index': 24, 'in_table_cell': True}",30,畫出圖形，兩邊邊長及其夾角畫出圖形，兩邊邊長及其夾角令[MathType OLE]，[MathType OLE]利用面積公式，得△ABC面積[MathType OLE][MathType OLE][MathType OLE]（平方單位）,word/embeddings/oleObject29.bin,$ =\frac { 1 } { 2 }\times \sqrt[] { 3 }\times 4\times sin120{}^\circ  $,[MATH_PARSE_FAILED_29],=\frac { 1 } { 2 }\times \sqrt[] { 3 }\times 4\times sin120{}^\circ,[MATH_PARSE_FAILED_29],conversion_failure_placeholder; historical per-object error unavailable,True,
30,"{'block_index': 16, 'paragraph_index': 23, 'table_index': 2, 'row': 1, 'col': 0, 'run_index': 27, 'in_table_cell': True}",30,畫出圖形，兩邊邊長及其夾角畫出圖形，兩邊邊長及其夾角令[MathType OLE]，[MathType OLE]利用面積公式，得△ABC面積[MathType OLE][MathType OLE][MathType OLE]（平方單位）,word/embeddings/oleObject30.bin,$ =\frac { 1 } { 2 }\times \sqrt[] { 3 }\times 4\times \frac { \sqrt[] { 3 } } { 2 }=3 $,[MATH_PARSE_FAILED_30],=\frac { 1 } { 2 }\times \sqrt[] { 3 }\times 4\times \frac { \sqrt[] { 3 } } { 2 }=3,[MATH_PARSE_FAILED_30],conversion_failure_placeholder; historical per-object error unavailable,True,
31,"{'block_index': 18, 'paragraph_index': 26, 'table_index': 3, 'row': 0, 'col': 0, 'run_index': 6, 'in_table_cell': True}",35,1.在△ABC中，已知[MathType OLE]、[MathType OLE]且[MathType OLE]，試求△ABC的面積。,word/embeddings/oleObject31.bin,$ a=2\sqrt[] { 3 } $,[MATH_PARSE_FAILED_31],a=2\sqrt[] { 3 },[MATH_PARSE_FAILED_31],conversion_failure_placeholder; historical per-object error unavailable,True,
32,"{'block_index': 18, 'paragraph_index': 26, 'table_index': 3, 'row': 0, 'col': 0, 'run_index': 8, 'in_table_cell': True}",35,1.在△ABC中，已知[MathType OLE]、[MathType OLE]且[MathType OLE]，試求△ABC的面積。,word/embeddings/oleObject32.bin,$ b=6 $,[MATH_PARSE_FAILED_32],b=6,[MATH_PARSE_FAILED_32],conversion_failure_placeholder; historical per-object error unavailable,True,
33,"{'block_index': 18, 'paragraph_index': 26, 'table_index': 3, 'row': 0, 'col': 0, 'run_index': 10, 'in_table_cell': True}",35,1.在△ABC中，已知[MathType OLE]、[MathType OLE]且[MathType OLE]，試求△ABC的面積。,word/embeddings/oleObject33.bin,$ \angle C=30{}^\circ  $,[MATH_PARSE_FAILED_33],\angle C=30{}^\circ,[MATH_PARSE_FAILED_33],conversion_failure_placeholder; historical per-object error unavailable,True,
34,"{'block_index': 20, 'paragraph_index': 34, 'table_index': None, 'row': None, 'col': None, 'run_index': 1, 'in_table_cell': False}",43,由三角形面積公式知[MathType OLE]。,word/embeddings/oleObject34.bin,$ \frac { 1 } { 2 }absinC=\frac { 1 } { 2 }bcsinA=\frac { 1 } { 2 }acsinB $,[MATH_PARSE_FAILED_34],\frac { 1 } { 2 }absinC=\frac { 1 } { 2 }bcsinA=\frac { 1 } { 2 }acsinB,[MATH_PARSE_FAILED_34],conversion_failure_placeholder; historical per-object error unavailable,True,
35,"{'block_index': 21, 'paragraph_index': 35, 'table_index': None, 'row': None, 'col': None, 'run_index': 1, 'in_table_cell': False}",44,將上式同除以[MathType OLE]得[MathType OLE]，即[MathType OLE]。,word/embeddings/oleObject35.bin,$ \frac { 1 } { 2 }abc $,[MATH_PARSE_FAILED_35],\frac { 1 } { 2 }abc,[MATH_PARSE_FAILED_35],conversion_failure_placeholder; historical per-object error unavailable,True,
36,"{'block_index': 21, 'paragraph_index': 35, 'table_index': None, 'row': None, 'col': None, 'run_index': 3, 'in_table_cell': False}",44,將上式同除以[MathType OLE]得[MathType OLE]，即[MathType OLE]。,word/embeddings/oleObject36.bin,$ \frac { sinA } { a }=\frac { sinB } { b }=\frac { sinC } { c } $,[MATH_PARSE_FAILED_36],\frac { sinA } { a }=\frac { sinB } { b }=\frac { sinC } { c },[MATH_PARSE_FAILED_36],conversion_failure_placeholder; historical per-object error unavailable,True,
37,"{'block_index': 21, 'paragraph_index': 35, 'table_index': None, 'row': None, 'col': None, 'run_index': 5, 'in_table_cell': False}",44,將上式同除以[MathType OLE]得[MathType OLE]，即[MathType OLE]。,word/embeddings/oleObject37.bin,$ \frac { a } { sinA }=\frac { b } { sinB }=\frac { c } { sinC } $,[MATH_PARSE_FAILED_37],\frac { a } { sinA }=\frac { b } { sinB }=\frac { c } { sinC },[MATH_PARSE_FAILED_37],conversion_failure_placeholder; historical per-object error unavailable,True,
38,"{'block_index': 23, 'paragraph_index': 37, 'table_index': None, 'row': None, 'col': None, 'run_index': 4, 'in_table_cell': False}",46,在△ABC中[MathType OLE]可為銳角、直角或鈍角，在此我們討論[MathType OLE]為銳角的情形，至於直角及鈍角同理可證，如圖6所示。,word/embeddings/oleObject38.bin,$ \angle A $,[MATH_PARSE_FAILED_38],\angle A,[MATH_PARSE_FAILED_38],conversion_failure_placeholder; historical per-object error unavailable,True,
39,"{'block_index': 23, 'paragraph_index': 37, 'table_index': None, 'row': None, 'col': None, 'run_index': 6, 'in_table_cell': False}",46,在△ABC中[MathType OLE]可為銳角、直角或鈍角，在此我們討論[MathType OLE]為銳角的情形，至於直角及鈍角同理可證，如圖6所示。,word/embeddings/oleObject39.bin,$ \angle A $,[MATH_PARSE_FAILED_39],\angle A,[MATH_PARSE_FAILED_39],conversion_failure_placeholder; historical per-object error unavailable,True,
40,"{'block_index': 24, 'paragraph_index': 38, 'table_index': None, 'row': None, 'col': None, 'run_index': 6, 'in_table_cell': False}",47,①直徑所對的圓周角為直角②同弧所對的圓周角相等①直徑所對的圓周角為直角②同弧所對的圓周角相等設O為圓心，R為半徑，連接[MathType OLE]，並延長交圓於D，連接[MathType OLE]，,word/embeddings/oleObject40.bin,$  {\overline{ BO }}  $,[MATH_PARSE_FAILED_40],{\overline{ BO }},[MATH_PARSE_FAILED_40],conversion_failure_placeholder; historical per-object error unavailable,True,
41,"{'block_index': 24, 'paragraph_index': 38, 'table_index': None, 'row': None, 'col': None, 'run_index': 10, 'in_table_cell': False}",47,①直徑所對的圓周角為直角②同弧所對的圓周角相等①直徑所對的圓周角為直角②同弧所對的圓周角相等設O為圓心，R為半徑，連接[MathType OLE]，並延長交圓於D，連接[MathType OLE]，,word/embeddings/oleObject41.bin,$  {\overline{ DC }}  $,[MATH_PARSE_FAILED_41],{\overline{ DC }},[MATH_PARSE_FAILED_41],conversion_failure_placeholder; historical per-object error unavailable,True,
42,"{'block_index': 25, 'paragraph_index': 39, 'table_index': None, 'row': None, 'col': None, 'run_index': 1, 'in_table_cell': False}",52,因為[MathType OLE]為直徑，所以[MathType OLE]，,word/embeddings/oleObject42.bin,$  {\overline{ BD }} =2R $,[MATH_PARSE_FAILED_42],{\overline{ BD }} =2R,[MATH_PARSE_FAILED_42],conversion_failure_placeholder; historical per-object error unavailable,True,
43,"{'block_index': 25, 'paragraph_index': 39, 'table_index': None, 'row': None, 'col': None, 'run_index': 3, 'in_table_cell': False}",52,因為[MathType OLE]為直徑，所以[MathType OLE]，,word/embeddings/oleObject43.bin,$ \angle BCD=90{}^\circ  $,[MATH_PARSE_FAILED_43],\angle BCD=90{}^\circ,[MATH_PARSE_FAILED_43],conversion_failure_placeholder; historical per-object error unavailable,True,
44,"{'block_index': 26, 'paragraph_index': 40, 'table_index': None, 'row': None, 'col': None, 'run_index': 5, 'in_table_cell': False}",53,在△BCD中，[MathType OLE]，則[MathType OLE],word/embeddings/oleObject44.bin,$ sinD=\frac {  {\overline{ BC }}  } {  {\overline{ BD }}  }=\frac { a } { 2R } $,[MATH_PARSE_FAILED_44],sinD=\frac { {\overline{ BC }} } { {\overline{ BD }} }=\frac { a } { 2R },[MATH_PARSE_FAILED_44],conversion_failure_placeholder; historical per-object error unavailable,True,
45,"{'block_index': 26, 'paragraph_index': 40, 'table_index': None, 'row': None, 'col': None, 'run_index': 7, 'in_table_cell': False}",53,在△BCD中，[MathType OLE]，則[MathType OLE],word/embeddings/oleObject45.bin,$ \frac { a } { sinD }=2R $,[MATH_PARSE_FAILED_45],\frac { a } { sinD }=2R,[MATH_PARSE_FAILED_45],conversion_failure_placeholder; historical per-object error unavailable,True,
46,"{'block_index': 27, 'paragraph_index': 41, 'table_index': None, 'row': None, 'col': None, 'run_index': 1, 'in_table_cell': False}",54,又[MathType OLE]，即[MathType OLE],word/embeddings/oleObject46.bin,$ \angle A=\angle D $,[MATH_PARSE_FAILED_46],\angle A=\angle D,[MATH_PARSE_FAILED_46],conversion_failure_placeholder; historical per-object error unavailable,True,
47,"{'block_index': 27, 'paragraph_index': 41, 'table_index': None, 'row': None, 'col': None, 'run_index': 3, 'in_table_cell': False}",54,又[MathType OLE]，即[MathType OLE],word/embeddings/oleObject47.bin,$ \frac { a } { sinA }=2R $,[MATH_PARSE_FAILED_47],\frac { a } { sinA }=2R,[MATH_PARSE_FAILED_47],conversion_failure_placeholder; historical per-object error unavailable,True,
48,"{'block_index': 28, 'paragraph_index': 42, 'table_index': None, 'row': None, 'col': None, 'run_index': 1, 'in_table_cell': False}",55,所以[MathType OLE],word/embeddings/oleObject48.bin,$ \frac { a } { sinA }=\frac { b } { sinB }=\frac { c } { sinC }=2R $,[MATH_PARSE_FAILED_48],\frac { a } { sinA }=\frac { b } { sinB }=\frac { c } { sinC }=2R,[MATH_PARSE_FAILED_48],conversion_failure_placeholder; historical per-object error unavailable,True,
49,"{'block_index': 30, 'paragraph_index': 44, 'table_index': None, 'row': None, 'col': None, 'run_index': 0, 'in_table_cell': False}",59,[MathType OLE]，[MathType OLE]，[MathType OLE]，所以[MathType OLE],word/embeddings/oleObject49.bin,$ a=2RsinA $,[MATH_PARSE_FAILED_49],a=2RsinA,[MATH_PARSE_FAILED_49],conversion_failure_placeholder; historical per-object error unavailable,True,
50,"{'block_index': 30, 'paragraph_index': 44, 'table_index': None, 'row': None, 'col': None, 'run_index': 2, 'in_table_cell': False}",59,[MathType OLE]，[MathType OLE]，[MathType OLE]，所以[MathType OLE],word/embeddings/oleObject50.bin,$ b=2RsinB $,[MATH_PARSE_FAILED_50],b=2RsinB,[MATH_PARSE_FAILED_50],conversion_failure_placeholder; historical per-object error unavailable,True,
51,"{'block_index': 30, 'paragraph_index': 44, 'table_index': None, 'row': None, 'col': None, 'run_index': 4, 'in_table_cell': False}",59,[MathType OLE]，[MathType OLE]，[MathType OLE]，所以[MathType OLE],word/embeddings/oleObject51.bin,$ c=2RsinC $,[MATH_PARSE_FAILED_51],c=2RsinC,[MATH_PARSE_FAILED_51],conversion_failure_placeholder; historical per-object error unavailable,True,
52,"{'block_index': 30, 'paragraph_index': 44, 'table_index': None, 'row': None, 'col': None, 'run_index': 6, 'in_table_cell': False}",59,[MathType OLE]，[MathType OLE]，[MathType OLE]，所以[MathType OLE],word/embeddings/oleObject52.bin,"$ a\,\ :\ \,b\,\ :\ \,c=sinA\,\ :\ \,sinB\,\ :\ \,sinC $",[MATH_PARSE_FAILED_52],"a\,\ :\ \,b\,\ :\ \,c=sinA\,\ :\ \,sinB\,\ :\ \,sinC",[MATH_PARSE_FAILED_52],conversion_failure_placeholder; historical per-object error unavailable,True,
53,"{'block_index': 33, 'paragraph_index': 48, 'table_index': 4, 'row': 1, 'col': 0, 'run_index': 12, 'in_table_cell': True}",63,在△ABC中，a、b、c分別表示[MathType OLE]、[MathType OLE]、[MathType OLE]之對邊長，,word/embeddings/oleObject53.bin,$ \angle A $,[MATH_PARSE_FAILED_53],\angle A,[MATH_PARSE_FAILED_53],conversion_failure_placeholder; historical per-object error unavailable,True,
54,"{'block_index': 33, 'paragraph_index': 48, 'table_index': 4, 'row': 1, 'col': 0, 'run_index': 14, 'in_table_cell': True}",63,在△ABC中，a、b、c分別表示[MathType OLE]、[MathType OLE]、[MathType OLE]之對邊長，,word/embeddings/oleObject54.bin,$ \angle B $,[MATH_PARSE_FAILED_54],\angle B,[MATH_PARSE_FAILED_54],conversion_failure_placeholder; historical per-object error unavailable,True,
55,"{'block_index': 33, 'paragraph_index': 48, 'table_index': 4, 'row': 1, 'col': 0, 'run_index': 16, 'in_table_cell': True}",63,在△ABC中，a、b、c分別表示[MathType OLE]、[MathType OLE]、[MathType OLE]之對邊長，,word/embeddings/oleObject55.bin,$ \angle C $,[MATH_PARSE_FAILED_55],\angle C,[MATH_PARSE_FAILED_55],conversion_failure_placeholder; historical per-object error unavailable,True,
56,"{'block_index': 33, 'paragraph_index': 50, 'table_index': 4, 'row': 1, 'col': 0, 'run_index': 2, 'in_table_cell': True}",65,▲圖7▲圖7這表示角的正弦比與其對邊長度成比例這表示角的正弦比與其對邊長度成比例[MathType OLE]寫成連比例式,word/embeddings/oleObject56.bin,$ \frac { a } { sinA }=\frac { b } { sinB }=\frac { c } { sinC }=2R $,[MATH_PARSE_FAILED_56],\frac { a } { sinA }=\frac { b } { sinB }=\frac { c } { sinC }=2R,[MATH_PARSE_FAILED_56],conversion_failure_placeholder; historical per-object error unavailable,True,
57,"{'block_index': 33, 'paragraph_index': 51, 'table_index': 4, 'row': 1, 'col': 0, 'run_index': 1, 'in_table_cell': True}",70,[MathType OLE],word/embeddings/oleObject57.bin,"$ a\,\ :\ \,b\,\ :\ \,c=sinA\,\ :\ \,sinB\,\ :\ \,sinC $",[MATH_PARSE_FAILED_57],"a\,\ :\ \,b\,\ :\ \,c=sinA\,\ :\ \,sinB\,\ :\ \,sinC",[MATH_PARSE_FAILED_57],conversion_failure_placeholder; historical per-object error unavailable,True,
58,"{'block_index': 40, 'paragraph_index': 60, 'table_index': 5, 'row': 0, 'col': 0, 'run_index': 4, 'in_table_cell': True}",79,在△ABC中，若[MathType OLE]，[MathType OLE]，且[MathType OLE]，試求a及其外接圓半徑R。,word/embeddings/oleObject58.bin,$ \angle A=45{}^\circ  $,[MATH_PARSE_FAILED_58],\angle A=45{}^\circ,[MATH_PARSE_FAILED_58],conversion_failure_placeholder; historical per-object error unavailable,True,
59,"{'block_index': 40, 'paragraph_index': 60, 'table_index': 5, 'row': 0, 'col': 0, 'run_index': 6, 'in_table_cell': True}",79,在△ABC中，若[MathType OLE]，[MathType OLE]，且[MathType OLE]，試求a及其外接圓半徑R。,word/embeddings/oleObject59.bin,$ \angle B=60{}^\circ  $,[MATH_PARSE_FAILED_59],\angle B=60{}^\circ,[MATH_PARSE_FAILED_59],conversion_failure_placeholder; historical per-object error unavailable,True,
60,"{'block_index': 40, 'paragraph_index': 60, 'table_index': 5, 'row': 0, 'col': 0, 'run_index': 8, 'in_table_cell': True}",79,在△ABC中，若[MathType OLE]，[MathType OLE]，且[MathType OLE]，試求a及其外接圓半徑R。,word/embeddings/oleObject60.bin,$ b=3\sqrt[] { 6 } $,[MATH_PARSE_FAILED_60],b=3\sqrt[] { 6 },[MATH_PARSE_FAILED_60],conversion_failure_placeholder; historical per-object error unavailable,True,
61,"{'block_index': 40, 'paragraph_index': 62, 'table_index': 5, 'row': 1, 'col': 0, 'run_index': 2, 'in_table_cell': True}",81,由正弦定理知[MathType OLE],word/embeddings/oleObject61.bin,$ \frac { a } { sinA }=\frac { b } { sinB }=2R $,[MATH_PARSE_FAILED_61],\frac { a } { sinA }=\frac { b } { sinB }=2R,[MATH_PARSE_FAILED_61],conversion_failure_placeholder; historical per-object error unavailable,True,
62,"{'block_index': 40, 'paragraph_index': 63, 'table_index': 5, 'row': 1, 'col': 0, 'run_index': 1, 'in_table_cell': True}",82,代入得[MathType OLE],word/embeddings/oleObject62.bin,$ \frac { a } { sin45{}^\circ  }=\frac { 3\sqrt[] { 6 } } { sin60{}^\circ  }=2R $,[MATH_PARSE_FAILED_62],\frac { a } { sin45{}^\circ }=\frac { 3\sqrt[] { 6 } } { sin60{}^\circ }=2R,[MATH_PARSE_FAILED_62],conversion_failure_placeholder; historical per-object error unavailable,True,
63,"{'block_index': 40, 'paragraph_index': 64, 'table_index': 5, 'row': 1, 'col': 0, 'run_index': 1, 'in_table_cell': True}",83,即[MathType OLE],word/embeddings/oleObject63.bin,$ \frac { a } { \frac { 1 } { \sqrt[] { 2 } } }=\frac { 3\sqrt[] { 6 } } { \frac { \sqrt[] { 3 } } { 2 } }=2R $,[MATH_PARSE_FAILED_63],\frac { a } { \frac { 1 } { \sqrt[] { 2 } } }=\frac { 3\sqrt[] { 6 } } { \frac { \sqrt[] { 3 } } { 2 } }=2R,[MATH_PARSE_FAILED_63],conversion_failure_placeholder; historical per-object error unavailable,True,
64,"{'block_index': 42, 'paragraph_index': 66, 'table_index': 6, 'row': 0, 'col': 0, 'run_index': 3, 'in_table_cell': True}",85,(1)由[MathType OLE]得[MathType OLE]故[MathType OLE],word/embeddings/oleObject64.bin,$ \frac { a } { \frac { 1 } { \sqrt[] { 2 } } }=\frac { 3\sqrt[] { 6 } } { \frac { \sqrt[] { 3 } } { 2 } } $,[MATH_PARSE_FAILED_64],\frac { a } { \frac { 1 } { \sqrt[] { 2 } } }=\frac { 3\sqrt[] { 6 } } { \frac { \sqrt[] { 3 } } { 2 } },[MATH_PARSE_FAILED_64],conversion_failure_placeholder; historical per-object error unavailable,True,
65,"{'block_index': 42, 'paragraph_index': 66, 'table_index': 6, 'row': 0, 'col': 0, 'run_index': 5, 'in_table_cell': True}",85,(1)由[MathType OLE]得[MathType OLE]故[MathType OLE],word/embeddings/oleObject65.bin,$ a\times \frac { \sqrt[] { 3 } } { 2 }=3\sqrt[] { 6 }\times \frac { 1 } { \sqrt[] { 2 } } $,[MATH_PARSE_FAILED_65],a\times \frac { \sqrt[] { 3 } } { 2 }=3\sqrt[] { 6 }\times \frac { 1 } { \sqrt[] { 2 } },[MATH_PARSE_FAILED_65],conversion_failure_placeholder; historical per-object error unavailable,True,
66,"{'block_index': 42, 'paragraph_index': 66, 'table_index': 6, 'row': 0, 'col': 0, 'run_index': 8, 'in_table_cell': True}",85,(1)由[MathType OLE]得[MathType OLE]故[MathType OLE],word/embeddings/oleObject66.bin,$ a=3\sqrt[] { 6 }\times \frac { 1 } { \sqrt[] { 2 } }\times \frac { 2 } { \sqrt[] { 3 } }=6 $,[MATH_PARSE_FAILED_66],a=3\sqrt[] { 6 }\times \frac { 1 } { \sqrt[] { 2 } }\times \frac { 2 } { \sqrt[] { 3 } }=6,[MATH_PARSE_FAILED_66],conversion_failure_placeholder; historical per-object error unavailable,True,
67,"{'block_index': 42, 'paragraph_index': 67, 'table_index': 6, 'row': 0, 'col': 0, 'run_index': 3, 'in_table_cell': True}",86,(2)由[MathType OLE]得[MathType OLE]故[MathType OLE],word/embeddings/oleObject67.bin,$ \frac { 3\sqrt[] { 6 } } { \frac { \sqrt[] { 3 } } { 2 } }=2R $,[MATH_PARSE_FAILED_67],\frac { 3\sqrt[] { 6 } } { \frac { \sqrt[] { 3 } } { 2 } }=2R,[MATH_PARSE_FAILED_67],conversion_failure_placeholder; historical per-object error unavailable,True,
68,"{'block_index': 42, 'paragraph_index': 67, 'table_index': 6, 'row': 0, 'col': 0, 'run_index': 5, 'in_table_cell': True}",86,(2)由[MathType OLE]得[MathType OLE]故[MathType OLE],word/embeddings/oleObject68.bin,$ 2R=3\sqrt[] { 6 }\times \frac { 2 } { \sqrt[] { 3 } }=6\sqrt[] { 2 } $,[MATH_PARSE_FAILED_68],2R=3\sqrt[] { 6 }\times \frac { 2 } { \sqrt[] { 3 } }=6\sqrt[] { 2 },[MATH_PARSE_FAILED_68],conversion_failure_placeholder; historical per-object error unavailable,True,
69,"{'block_index': 42, 'paragraph_index': 67, 'table_index': 6, 'row': 0, 'col': 0, 'run_index': 8, 'in_table_cell': True}",86,(2)由[MathType OLE]得[MathType OLE]故[MathType OLE],word/embeddings/oleObject69.bin,$ R=3\sqrt[] { 2 } $,[MATH_PARSE_FAILED_69],R=3\sqrt[] { 2 },[MATH_PARSE_FAILED_69],conversion_failure_placeholder; historical per-object error unavailable,True,
70,"{'block_index': 42, 'paragraph_index': 70, 'table_index': 6, 'row': 0, 'col': 0, 'run_index': 7, 'in_table_cell': True}",89,2.在△ABC中，若[MathType OLE]，[MathType OLE]，且[MathType OLE]，試求c及其外接圓半徑R。,word/embeddings/oleObject70.bin,$ \angle B=30{}^\circ  $,[MATH_PARSE_FAILED_70],\angle B=30{}^\circ,[MATH_PARSE_FAILED_70],conversion_failure_placeholder; historical per-object error unavailable,True,
71,"{'block_index': 42, 'paragraph_index': 70, 'table_index': 6, 'row': 0, 'col': 0, 'run_index': 9, 'in_table_cell': True}",89,2.在△ABC中，若[MathType OLE]，[MathType OLE]，且[MathType OLE]，試求c及其外接圓半徑R。,word/embeddings/oleObject71.bin,$ \angle C=120{}^\circ  $,[MATH_PARSE_FAILED_71],\angle C=120{}^\circ,[MATH_PARSE_FAILED_71],conversion_failure_placeholder; historical per-object error unavailable,True,
72,"{'block_index': 42, 'paragraph_index': 70, 'table_index': 6, 'row': 0, 'col': 0, 'run_index': 11, 'in_table_cell': True}",89,2.在△ABC中，若[MathType OLE]，[MathType OLE]，且[MathType OLE]，試求c及其外接圓半徑R。,word/embeddings/oleObject72.bin,$ b=6 $,[MATH_PARSE_FAILED_72],b=6,[MATH_PARSE_FAILED_72],conversion_failure_placeholder; historical per-object error unavailable,True,
73,"{'block_index': 44, 'paragraph_index': 74, 'table_index': 7, 'row': 0, 'col': 0, 'run_index': 3, 'in_table_cell': True}",93,△ABC中，已知[MathType OLE]，[MathType OLE]，[MathType OLE]，試求[MathType OLE]。,word/embeddings/oleObject73.bin,$ \angle A=60{}^\circ  $,[MATH_PARSE_FAILED_73],\angle A=60{}^\circ,[MATH_PARSE_FAILED_73],conversion_failure_placeholder; historical per-object error unavailable,True,
74,"{'block_index': 44, 'paragraph_index': 74, 'table_index': 7, 'row': 0, 'col': 0, 'run_index': 5, 'in_table_cell': True}",93,△ABC中，已知[MathType OLE]，[MathType OLE]，[MathType OLE]，試求[MathType OLE]。,word/embeddings/oleObject74.bin,$ a=6 $,[MATH_PARSE_FAILED_74],a=6,[MATH_PARSE_FAILED_74],conversion_failure_placeholder; historical per-object error unavailable,True,
75,"{'block_index': 44, 'paragraph_index': 74, 'table_index': 7, 'row': 0, 'col': 0, 'run_index': 7, 'in_table_cell': True}",93,△ABC中，已知[MathType OLE]，[MathType OLE]，[MathType OLE]，試求[MathType OLE]。,word/embeddings/oleObject75.bin,$ b=2\sqrt[] { 6 } $,[MATH_PARSE_FAILED_75],b=2\sqrt[] { 6 },[MATH_PARSE_FAILED_75],conversion_failure_placeholder; historical per-object error unavailable,True,
76,"{'block_index': 44, 'paragraph_index': 74, 'table_index': 7, 'row': 0, 'col': 0, 'run_index': 9, 'in_table_cell': True}",93,△ABC中，已知[MathType OLE]，[MathType OLE]，[MathType OLE]，試求[MathType OLE]。,word/embeddings/oleObject76.bin,$ \angle B $,[MATH_PARSE_FAILED_76],\angle B,[MATH_PARSE_FAILED_76],conversion_failure_placeholder; historical per-object error unavailable,True,
77,"{'block_index': 44, 'paragraph_index': 76, 'table_index': 7, 'row': 1, 'col': 0, 'run_index': 1, 'in_table_cell': True}",95,由正弦定理知[MathType OLE],word/embeddings/oleObject77.bin,$ \frac { a } { sinA }=\frac { b } { sinB } $,[MATH_PARSE_FAILED_77],\frac { a } { sinA }=\frac { b } { sinB },[MATH_PARSE_FAILED_77],conversion_failure_placeholder; historical per-object error unavailable,True,
78,"{'block_index': 44, 'paragraph_index': 77, 'table_index': 7, 'row': 1, 'col': 0, 'run_index': 1, 'in_table_cell': True}",96,代入得[MathType OLE],word/embeddings/oleObject78.bin,$ \frac { 6 } { sin60{}^\circ  }=\frac { 2\sqrt[] { 6 } } { sinB } $,[MATH_PARSE_FAILED_78],\frac { 6 } { sin60{}^\circ }=\frac { 2\sqrt[] { 6 } } { sinB },[MATH_PARSE_FAILED_78],conversion_failure_placeholder; historical per-object error unavailable,True,
79,"{'block_index': 44, 'paragraph_index': 78, 'table_index': 7, 'row': 1, 'col': 0, 'run_index': 2, 'in_table_cell': True}",97,即[MathType OLE]，整理得[MathType OLE]，則[MathType OLE]或135°,word/embeddings/oleObject79.bin,$ 6sinB=2\sqrt[] { 6 }\times \frac { \sqrt[] { 3 } } { 2 } $,[MATH_PARSE_FAILED_79],6sinB=2\sqrt[] { 6 }\times \frac { \sqrt[] { 3 } } { 2 },[MATH_PARSE_FAILED_79],conversion_failure_placeholder; historical per-object error unavailable,True,
80,"{'block_index': 44, 'paragraph_index': 78, 'table_index': 7, 'row': 1, 'col': 0, 'run_index': 4, 'in_table_cell': True}",97,即[MathType OLE]，整理得[MathType OLE]，則[MathType OLE]或135°,word/embeddings/oleObject80.bin,$ sinB=\frac { \sqrt[] { 2 } } { 2 } $,[MATH_PARSE_FAILED_80],sinB=\frac { \sqrt[] { 2 } } { 2 },[MATH_PARSE_FAILED_80],conversion_failure_placeholder; historical per-object error unavailable,True,
81,"{'block_index': 44, 'paragraph_index': 78, 'table_index': 7, 'row': 1, 'col': 0, 'run_index': 6, 'in_table_cell': True}",97,即[MathType OLE]，整理得[MathType OLE]，則[MathType OLE]或135°,word/embeddings/oleObject81.bin,$ \angle B=45{}^\circ  $,[MATH_PARSE_FAILED_81],\angle B=45{}^\circ,[MATH_PARSE_FAILED_81],conversion_failure_placeholder; historical per-object error unavailable,True,
82,"{'block_index': 44, 'paragraph_index': 79, 'table_index': 7, 'row': 1, 'col': 0, 'run_index': 1, 'in_table_cell': True}",98,又[MathType OLE]，所以[MathType OLE]，故得[MathType OLE],word/embeddings/oleObject82.bin,$ b < a $,[MATH_PARSE_FAILED_82],b < a,[MATH_PARSE_FAILED_82],conversion_failure_placeholder; historical per-object error unavailable,True,
83,"{'block_index': 44, 'paragraph_index': 79, 'table_index': 7, 'row': 1, 'col': 0, 'run_index': 3, 'in_table_cell': True}",98,又[MathType OLE]，所以[MathType OLE]，故得[MathType OLE],word/embeddings/oleObject83.bin,$ \angle B < \angle A $,[MATH_PARSE_FAILED_83],\angle B < \angle A,[MATH_PARSE_FAILED_83],conversion_failure_placeholder; historical per-object error unavailable,True,
84,"{'block_index': 44, 'paragraph_index': 79, 'table_index': 7, 'row': 1, 'col': 0, 'run_index': 5, 'in_table_cell': True}",98,又[MathType OLE]，所以[MathType OLE]，故得[MathType OLE],word/embeddings/oleObject84.bin,$ \angle B=45{}^\circ  $,[MATH_PARSE_FAILED_84],\angle B=45{}^\circ,[MATH_PARSE_FAILED_84],conversion_failure_placeholder; historical per-object error unavailable,True,
85,"{'block_index': 46, 'paragraph_index': 82, 'table_index': 8, 'row': 0, 'col': 0, 'run_index': 5, 'in_table_cell': True}",101,3.△ABC中，已知[MathType OLE]，[MathType OLE]，[MathType OLE]，試求[MathType OLE]。,word/embeddings/oleObject85.bin,$ a=2\sqrt[] { 3 } $,[MATH_PARSE_FAILED_85],a=2\sqrt[] { 3 },[MATH_PARSE_FAILED_85],conversion_failure_placeholder; historical per-object error unavailable,True,
86,"{'block_index': 46, 'paragraph_index': 82, 'table_index': 8, 'row': 0, 'col': 0, 'run_index': 7, 'in_table_cell': True}",101,3.△ABC中，已知[MathType OLE]，[MathType OLE]，[MathType OLE]，試求[MathType OLE]。,word/embeddings/oleObject86.bin,$ b=2\sqrt[] { 2 } $,[MATH_PARSE_FAILED_86],b=2\sqrt[] { 2 },[MATH_PARSE_FAILED_86],conversion_failure_placeholder; historical per-object error unavailable,True,
87,"{'block_index': 46, 'paragraph_index': 82, 'table_index': 8, 'row': 0, 'col': 0, 'run_index': 9, 'in_table_cell': True}",101,3.△ABC中，已知[MathType OLE]，[MathType OLE]，[MathType OLE]，試求[MathType OLE]。,word/embeddings/oleObject87.bin,$ \angle A=60{}^\circ  $,[MATH_PARSE_FAILED_87],\angle A=60{}^\circ,[MATH_PARSE_FAILED_87],conversion_failure_placeholder; historical per-object error unavailable,True,
88,"{'block_index': 46, 'paragraph_index': 82, 'table_index': 8, 'row': 0, 'col': 0, 'run_index': 11, 'in_table_cell': True}",101,3.△ABC中，已知[MathType OLE]，[MathType OLE]，[MathType OLE]，試求[MathType OLE]。,word/embeddings/oleObject88.bin,$ \angle C $,[MATH_PARSE_FAILED_88],\angle C,[MATH_PARSE_FAILED_88],conversion_failure_placeholder; historical per-object error unavailable,True,
89,"{'block_index': 52, 'paragraph_index': 94, 'table_index': None, 'row': None, 'col': None, 'run_index': 6, 'in_table_cell': False}",113,在△ABC中，自頂點C作底邊[MathType OLE]上的高[MathType OLE]，如圖8所示。,word/embeddings/oleObject89.bin,$  {\overline{ AB }}  $,[MATH_PARSE_FAILED_89],{\overline{ AB }},[MATH_PARSE_FAILED_89],conversion_failure_placeholder; historical per-object error unavailable,True,
90,"{'block_index': 52, 'paragraph_index': 94, 'table_index': None, 'row': None, 'col': None, 'run_index': 8, 'in_table_cell': False}",113,在△ABC中，自頂點C作底邊[MathType OLE]上的高[MathType OLE]，如圖8所示。,word/embeddings/oleObject90.bin,$  {\overline{ CD }}  $,[MATH_PARSE_FAILED_90],{\overline{ CD }},[MATH_PARSE_FAILED_90],conversion_failure_placeholder; historical per-object error unavailable,True,
91,"{'block_index': 53, 'paragraph_index': 95, 'table_index': None, 'row': None, 'col': None, 'run_index': 4, 'in_table_cell': False}",114,在直角三角形ACD中，[MathType OLE]，[MathType OLE]，,word/embeddings/oleObject91.bin,$ sinA=\frac {  {\overline{ CD }}  } { b } $,[MATH_PARSE_FAILED_91],sinA=\frac { {\overline{ CD }} } { b },[MATH_PARSE_FAILED_91],conversion_failure_placeholder; historical per-object error unavailable,True,
92,"{'block_index': 53, 'paragraph_index': 95, 'table_index': None, 'row': None, 'col': None, 'run_index': 6, 'in_table_cell': False}",114,在直角三角形ACD中，[MathType OLE]，[MathType OLE]，,word/embeddings/oleObject92.bin,$ cosA=\frac {  {\overline{ AD }}  } { b } $,[MATH_PARSE_FAILED_92],cosA=\frac { {\overline{ AD }} } { b },[MATH_PARSE_FAILED_92],conversion_failure_placeholder; historical per-object error unavailable,True,
93,"{'block_index': 54, 'paragraph_index': 96, 'table_index': None, 'row': None, 'col': None, 'run_index': 1, 'in_table_cell': False}",115,由此可得[MathType OLE]，[MathType OLE],word/embeddings/oleObject93.bin,$  {\overline{ CD }} =bsinA $,[MATH_PARSE_FAILED_93],{\overline{ CD }} =bsinA,[MATH_PARSE_FAILED_93],conversion_failure_placeholder; historical per-object error unavailable,True,
94,"{'block_index': 54, 'paragraph_index': 96, 'table_index': None, 'row': None, 'col': None, 'run_index': 3, 'in_table_cell': False}",115,由此可得[MathType OLE]，[MathType OLE],word/embeddings/oleObject94.bin,$  {\overline{ AD }} =bcosA $,[MATH_PARSE_FAILED_94],{\overline{ AD }} =bcosA,[MATH_PARSE_FAILED_94],conversion_failure_placeholder; historical per-object error unavailable,True,
95,"{'block_index': 55, 'paragraph_index': 97, 'table_index': None, 'row': None, 'col': None, 'run_index': 1, 'in_table_cell': False}",116,於是[MathType OLE],word/embeddings/oleObject95.bin,$  {\overline{ BD }} =c-bcosA $,[MATH_PARSE_FAILED_95],{\overline{ BD }} =c-bcosA,[MATH_PARSE_FAILED_95],conversion_failure_placeholder; historical per-object error unavailable,True,
96,"{'block_index': 57, 'paragraph_index': 99, 'table_index': None, 'row': None, 'col': None, 'run_index': 0, 'in_table_cell': False}",120,[MathType OLE],word/embeddings/oleObject96.bin,$ a ^ { 2 } = {\overline{ CD }}  ^ { 2 } + {\overline{ BD }}  ^ { 2 }  $,[MATH_PARSE_FAILED_96],a ^ { 2 } = {\overline{ CD }} ^ { 2 } + {\overline{ BD }} ^ { 2 },[MATH_PARSE_FAILED_96],conversion_failure_placeholder; historical per-object error unavailable,True,
97,"{'block_index': 58, 'paragraph_index': 100, 'table_index': None, 'row': None, 'col': None, 'run_index': 1, 'in_table_cell': False}",121,[MathType OLE],word/embeddings/oleObject97.bin,$ =\left ( { bsinA } \right ) ^ { 2 } +\left ( { c-bcosA } \right ) ^ { 2 }  $,[MATH_PARSE_FAILED_97],=\left ( { bsinA } \right ) ^ { 2 } +\left ( { c-bcosA } \right ) ^ { 2 },[MATH_PARSE_FAILED_97],conversion_failure_placeholder; historical per-object error unavailable,True,
98,"{'block_index': 59, 'paragraph_index': 101, 'table_index': None, 'row': None, 'col': None, 'run_index': 1, 'in_table_cell': False}",122,[MathType OLE],word/embeddings/oleObject98.bin,$ =b ^ { 2 } sin ^ { 2 } A+c ^ { 2 } -2bccosA+b ^ { 2 } cos ^ { 2 } A $,[MATH_PARSE_FAILED_98],=b ^ { 2 } sin ^ { 2 } A+c ^ { 2 } -2bccosA+b ^ { 2 } cos ^ { 2 } A,[MATH_PARSE_FAILED_98],conversion_failure_placeholder; historical per-object error unavailable,True,
99,"{'block_index': 60, 'paragraph_index': 102, 'table_index': None, 'row': None, 'col': None, 'run_index': 1, 'in_table_cell': False}",123,[MathType OLE],word/embeddings/oleObject99.bin,$ =b ^ { 2 } \left ( { sin ^ { 2 } A+cos ^ { 2 } A } \right )+c ^ { 2 } -2bccosA $,[MATH_PARSE_FAILED_99],=b ^ { 2 } \left ( { sin ^ { 2 } A+cos ^ { 2 } A } \right )+c ^ { 2 } -2bccosA,[MATH_PARSE_FAILED_99],conversion_failure_placeholder; historical per-object error unavailable,True,
100,"{'block_index': 61, 'paragraph_index': 103, 'table_index': None, 'row': None, 'col': None, 'run_index': 1, 'in_table_cell': False}",124,[MathType OLE],word/embeddings/oleObject100.bin,$ =b ^ { 2 } +c ^ { 2 } -2bccosA $,[MATH_PARSE_FAILED_100],=b ^ { 2 } +c ^ { 2 } -2bccosA,[MATH_PARSE_FAILED_100],conversion_failure_placeholder; historical per-object error unavailable,True,
101,"{'block_index': 64, 'paragraph_index': 107, 'table_index': 9, 'row': 1, 'col': 0, 'run_index': 12, 'in_table_cell': True}",128,在△ABC中，a、b、c分別表示[MathType OLE]、[MathType OLE]、[MathType OLE]之對邊長，則,word/embeddings/oleObject101.bin,$ \angle A $,[MATH_PARSE_FAILED_101],\angle A,[MATH_PARSE_FAILED_101],conversion_failure_placeholder; historical per-object error unavailable,True,
102,"{'block_index': 64, 'paragraph_index': 107, 'table_index': 9, 'row': 1, 'col': 0, 'run_index': 14, 'in_table_cell': True}",128,在△ABC中，a、b、c分別表示[MathType OLE]、[MathType OLE]、[MathType OLE]之對邊長，則,word/embeddings/oleObject102.bin,$ \angle B $,[MATH_PARSE_FAILED_102],\angle B,[MATH_PARSE_FAILED_102],conversion_failure_placeholder; historical per-object error unavailable,True,
103,"{'block_index': 64, 'paragraph_index': 107, 'table_index': 9, 'row': 1, 'col': 0, 'run_index': 16, 'in_table_cell': True}",128,在△ABC中，a、b、c分別表示[MathType OLE]、[MathType OLE]、[MathType OLE]之對邊長，則,word/embeddings/oleObject103.bin,$ \angle C $,[MATH_PARSE_FAILED_103],\angle C,[MATH_PARSE_FAILED_103],conversion_failure_placeholder; historical per-object error unavailable,True,
104,"{'block_index': 64, 'paragraph_index': 109, 'table_index': 9, 'row': 1, 'col': 0, 'run_index': 1, 'in_table_cell': True}",130,▲圖9▲圖9[MathType OLE][MathType OLE][MathType OLE],word/embeddings/oleObject104.bin,$ a ^ { 2 } =b ^ { 2 } +c ^ { 2 } -2bccosA $,[MATH_PARSE_FAILED_104],a ^ { 2 } =b ^ { 2 } +c ^ { 2 } -2bccosA,[MATH_PARSE_FAILED_104],conversion_failure_placeholder; historical per-object error unavailable,True,
105,"{'block_index': 64, 'paragraph_index': 109, 'table_index': 9, 'row': 1, 'col': 0, 'run_index': 3, 'in_table_cell': True}",130,▲圖9▲圖9[MathType OLE][MathType OLE][MathType OLE],word/embeddings/oleObject105.bin,$ b ^ { 2 } =c ^ { 2 } +a ^ { 2 } -2cacosB $,[MATH_PARSE_FAILED_105],b ^ { 2 } =c ^ { 2 } +a ^ { 2 } -2cacosB,[MATH_PARSE_FAILED_105],conversion_failure_placeholder; historical per-object error unavailable,True,
106,"{'block_index': 64, 'paragraph_index': 109, 'table_index': 9, 'row': 1, 'col': 0, 'run_index': 5, 'in_table_cell': True}",130,▲圖9▲圖9[MathType OLE][MathType OLE][MathType OLE],word/embeddings/oleObject106.bin,$ c ^ { 2 } =a ^ { 2 } +b ^ { 2 } -2abcosC $,[MATH_PARSE_FAILED_106],c ^ { 2 } =a ^ { 2 } +b ^ { 2 } -2abcosC,[MATH_PARSE_FAILED_106],conversion_failure_placeholder; historical per-object error unavailable,True,
107,"{'block_index': 66, 'paragraph_index': 111, 'table_index': None, 'row': None, 'col': None, 'run_index': 0, 'in_table_cell': False}",134,[MathType OLE]，[MathType OLE]，[MathType OLE],word/embeddings/oleObject107.bin,$ cosA=\frac { b ^ { 2 } +c ^ { 2 } -a ^ { 2 }  } { 2bc } $,[MATH_PARSE_FAILED_107],cosA=\frac { b ^ { 2 } +c ^ { 2 } -a ^ { 2 } } { 2bc },[MATH_PARSE_FAILED_107],conversion_failure_placeholder; historical per-object error unavailable,True,
108,"{'block_index': 66, 'paragraph_index': 111, 'table_index': None, 'row': None, 'col': None, 'run_index': 2, 'in_table_cell': False}",134,[MathType OLE]，[MathType OLE]，[MathType OLE],word/embeddings/oleObject108.bin,$ cosB=\frac { c ^ { 2 } +a ^ { 2 } -b ^ { 2 }  } { 2ca } $,[MATH_PARSE_FAILED_108],cosB=\frac { c ^ { 2 } +a ^ { 2 } -b ^ { 2 } } { 2ca },[MATH_PARSE_FAILED_108],conversion_failure_placeholder; historical per-object error unavailable,True,
109,"{'block_index': 66, 'paragraph_index': 111, 'table_index': None, 'row': None, 'col': None, 'run_index': 4, 'in_table_cell': False}",134,[MathType OLE]，[MathType OLE]，[MathType OLE],word/embeddings/oleObject109.bin,$ cosC=\frac { a ^ { 2 } +b ^ { 2 } -c ^ { 2 }  } { 2ab } $,[MATH_PARSE_FAILED_109],cosC=\frac { a ^ { 2 } +b ^ { 2 } -c ^ { 2 } } { 2ab },[MATH_PARSE_FAILED_109],conversion_failure_placeholder; historical per-object error unavailable,True,
110,"{'block_index': 70, 'paragraph_index': 115, 'table_index': None, 'row': None, 'col': None, 'run_index': 2, 'in_table_cell': False}",138,事實上，當[MathType OLE]為直角時，則[MathType OLE]，則[MathType OLE]，這就是我們熟悉的畢氏定理，所以畢氏定理只是餘弦定理的一個特殊情況。,word/embeddings/oleObject110.bin,$ \angle C=90{}^\circ  $,[MATH_PARSE_FAILED_110],\angle C=90{}^\circ,[MATH_PARSE_FAILED_110],conversion_failure_placeholder; historical per-object error unavailable,True,
111,"{'block_index': 70, 'paragraph_index': 115, 'table_index': None, 'row': None, 'col': None, 'run_index': 4, 'in_table_cell': False}",138,事實上，當[MathType OLE]為直角時，則[MathType OLE]，則[MathType OLE]，這就是我們熟悉的畢氏定理，所以畢氏定理只是餘弦定理的一個特殊情況。,word/embeddings/oleObject111.bin,$ cosC=0 $,[MATH_PARSE_FAILED_111],cosC=0,[MATH_PARSE_FAILED_111],conversion_failure_placeholder; historical per-object error unavailable,True,
112,"{'block_index': 70, 'paragraph_index': 115, 'table_index': None, 'row': None, 'col': None, 'run_index': 6, 'in_table_cell': False}",138,事實上，當[MathType OLE]為直角時，則[MathType OLE]，則[MathType OLE]，這就是我們熟悉的畢氏定理，所以畢氏定理只是餘弦定理的一個特殊情況。,word/embeddings/oleObject112.bin,$ c ^ { 2 } =a ^ { 2 } +b ^ { 2 } -2abcosC=a ^ { 2 } +b ^ { 2 }  $,[MATH_PARSE_FAILED_112],c ^ { 2 } =a ^ { 2 } +b ^ { 2 } -2abcosC=a ^ { 2 } +b ^ { 2 },[MATH_PARSE_FAILED_112],conversion_failure_placeholder; historical per-object error unavailable,True,
113,"{'block_index': 72, 'paragraph_index': 118, 'table_index': 10, 'row': 0, 'col': 0, 'run_index': 4, 'in_table_cell': True}",143,在△ABC中，已知[MathType OLE]、[MathType OLE]且[MathType OLE]，試求a之長。,word/embeddings/oleObject113.bin,$ b=5 $,[MATH_PARSE_FAILED_113],b=5,[MATH_PARSE_FAILED_113],conversion_failure_placeholder; historical per-object error unavailable,True,
114,"{'block_index': 72, 'paragraph_index': 118, 'table_index': 10, 'row': 0, 'col': 0, 'run_index': 6, 'in_table_cell': True}",143,在△ABC中，已知[MathType OLE]、[MathType OLE]且[MathType OLE]，試求a之長。,word/embeddings/oleObject114.bin,$ c=3 $,[MATH_PARSE_FAILED_114],c=3,[MATH_PARSE_FAILED_114],conversion_failure_placeholder; historical per-object error unavailable,True,
115,"{'block_index': 72, 'paragraph_index': 118, 'table_index': 10, 'row': 0, 'col': 0, 'run_index': 8, 'in_table_cell': True}",143,在△ABC中，已知[MathType OLE]、[MathType OLE]且[MathType OLE]，試求a之長。,word/embeddings/oleObject115.bin,$ \angle A=120{}^\circ  $,[MATH_PARSE_FAILED_115],\angle A=120{}^\circ,[MATH_PARSE_FAILED_115],conversion_failure_placeholder; historical per-object error unavailable,True,
116,"{'block_index': 72, 'paragraph_index': 121, 'table_index': 10, 'row': 1, 'col': 0, 'run_index': 0, 'in_table_cell': True}",146,[MathType OLE],word/embeddings/oleObject116.bin,$ a ^ { 2 } =b ^ { 2 } +c ^ { 2 } -2bccosA $,[MATH_PARSE_FAILED_116],a ^ { 2 } =b ^ { 2 } +c ^ { 2 } -2bccosA,[MATH_PARSE_FAILED_116],conversion_failure_placeholder; historical per-object error unavailable,True,
117,"{'block_index': 72, 'paragraph_index': 122, 'table_index': 10, 'row': 1, 'col': 0, 'run_index': 2, 'in_table_cell': True}",147,得[MathType OLE],word/embeddings/oleObject117.bin,$ a ^ { 2 } =5 ^ { 2 } +3 ^ { 2 } -2\times 5\times 3\times cos120{}^\circ  $,[MATH_PARSE_FAILED_117],a ^ { 2 } =5 ^ { 2 } +3 ^ { 2 } -2\times 5\times 3\times cos120{}^\circ,[MATH_PARSE_FAILED_117],conversion_failure_placeholder; historical per-object error unavailable,True,
118,"{'block_index': 72, 'paragraph_index': 123, 'table_index': 10, 'row': 1, 'col': 0, 'run_index': 1, 'in_table_cell': True}",148,[MathType OLE]別忘了開根號才是a[MathType OLE]別忘了開根號才是a[MathType OLE],word/embeddings/oleObject118.bin,$ a ^ { 2 }  $,[MATH_PARSE_FAILED_118],a ^ { 2 },[MATH_PARSE_FAILED_118],conversion_failure_placeholder; historical per-object error unavailable,True,
119,"{'block_index': 72, 'paragraph_index': 123, 'table_index': 10, 'row': 1, 'col': 0, 'run_index': 1, 'in_table_cell': True}",148,[MathType OLE]別忘了開根號才是a[MathType OLE]別忘了開根號才是a[MathType OLE],word/embeddings/oleObject119.bin,$ a ^ { 2 }  $,[MATH_PARSE_FAILED_119],a ^ { 2 },[MATH_PARSE_FAILED_119],conversion_failure_placeholder; historical per-object error unavailable,True,
120,"{'block_index': 72, 'paragraph_index': 123, 'table_index': 10, 'row': 1, 'col': 0, 'run_index': 3, 'in_table_cell': True}",148,[MathType OLE]別忘了開根號才是a[MathType OLE]別忘了開根號才是a[MathType OLE],word/embeddings/oleObject120.bin,$ =5 ^ { 2 } +3 ^ { 2 } -2\times 5\times 3\times \left ( { -\frac { 1 } { 2 } } \right )=49 $,[MATH_PARSE_FAILED_120],=5 ^ { 2 } +3 ^ { 2 } -2\times 5\times 3\times \left ( { -\frac { 1 } { 2 } } \right )=49,[MATH_PARSE_FAILED_120],conversion_failure_placeholder; historical per-object error unavailable,True,
121,"{'block_index': 72, 'paragraph_index': 124, 'table_index': 10, 'row': 1, 'col': 0, 'run_index': 1, 'in_table_cell': True}",151,所以[MathType OLE]（負不合），故[MathType OLE],word/embeddings/oleObject121.bin,$ a=\pm 7 $,[MATH_PARSE_FAILED_121],a=\pm 7,[MATH_PARSE_FAILED_121],conversion_failure_placeholder; historical per-object error unavailable,True,
122,"{'block_index': 72, 'paragraph_index': 124, 'table_index': 10, 'row': 1, 'col': 0, 'run_index': 4, 'in_table_cell': True}",151,所以[MathType OLE]（負不合），故[MathType OLE],word/embeddings/oleObject122.bin,$ a=7 $,[MATH_PARSE_FAILED_122],a=7,[MATH_PARSE_FAILED_122],conversion_failure_placeholder; historical per-object error unavailable,True,
123,"{'block_index': 72, 'paragraph_index': 127, 'table_index': 10, 'row': 1, 'col': 0, 'run_index': 7, 'in_table_cell': True}",154,4.在△ABC中，已知[MathType OLE]、[MathType OLE]且[MathType OLE]，試求a之長。,word/embeddings/oleObject123.bin,$ b=1+\sqrt[] { 3 } $,[MATH_PARSE_FAILED_123],b=1+\sqrt[] { 3 },[MATH_PARSE_FAILED_123],conversion_failure_placeholder; historical per-object error unavailable,True,
124,"{'block_index': 72, 'paragraph_index': 127, 'table_index': 10, 'row': 1, 'col': 0, 'run_index': 9, 'in_table_cell': True}",154,4.在△ABC中，已知[MathType OLE]、[MathType OLE]且[MathType OLE]，試求a之長。,word/embeddings/oleObject124.bin,$ c=2 $,[MATH_PARSE_FAILED_124],c=2,[MATH_PARSE_FAILED_124],conversion_failure_placeholder; historical per-object error unavailable,True,
125,"{'block_index': 72, 'paragraph_index': 127, 'table_index': 10, 'row': 1, 'col': 0, 'run_index': 11, 'in_table_cell': True}",154,4.在△ABC中，已知[MathType OLE]、[MathType OLE]且[MathType OLE]，試求a之長。,word/embeddings/oleObject125.bin,$ \angle A=30{}^\circ  $,[MATH_PARSE_FAILED_125],\angle A=30{}^\circ,[MATH_PARSE_FAILED_125],conversion_failure_placeholder; historical per-object error unavailable,True,
126,"{'block_index': 74, 'paragraph_index': 131, 'table_index': 11, 'row': 0, 'col': 0, 'run_index': 4, 'in_table_cell': True}",158,設△ABC的三邊長[MathType OLE]、[MathType OLE]、[MathType OLE]，試求[MathType OLE]。,word/embeddings/oleObject126.bin,$ a=7 $,[MATH_PARSE_FAILED_126],a=7,[MATH_PARSE_FAILED_126],conversion_failure_placeholder; historical per-object error unavailable,True,
127,"{'block_index': 74, 'paragraph_index': 131, 'table_index': 11, 'row': 0, 'col': 0, 'run_index': 6, 'in_table_cell': True}",158,設△ABC的三邊長[MathType OLE]、[MathType OLE]、[MathType OLE]，試求[MathType OLE]。,word/embeddings/oleObject127.bin,$ b=5 $,[MATH_PARSE_FAILED_127],b=5,[MATH_PARSE_FAILED_127],conversion_failure_placeholder; historical per-object error unavailable,True,
128,"{'block_index': 74, 'paragraph_index': 131, 'table_index': 11, 'row': 0, 'col': 0, 'run_index': 8, 'in_table_cell': True}",158,設△ABC的三邊長[MathType OLE]、[MathType OLE]、[MathType OLE]，試求[MathType OLE]。,word/embeddings/oleObject128.bin,$ c=3 $,[MATH_PARSE_FAILED_128],c=3,[MATH_PARSE_FAILED_128],conversion_failure_placeholder; historical per-object error unavailable,True,
129,"{'block_index': 74, 'paragraph_index': 131, 'table_index': 11, 'row': 0, 'col': 0, 'run_index': 10, 'in_table_cell': True}",158,設△ABC的三邊長[MathType OLE]、[MathType OLE]、[MathType OLE]，試求[MathType OLE]。,word/embeddings/oleObject129.bin,$ \angle A $,[MATH_PARSE_FAILED_129],\angle A,[MATH_PARSE_FAILED_129],conversion_failure_placeholder; historical per-object error unavailable,True,
130,"{'block_index': 74, 'paragraph_index': 133, 'table_index': 11, 'row': 1, 'col': 0, 'run_index': 1, 'in_table_cell': True}",160,利用餘弦定理[MathType OLE],word/embeddings/oleObject130.bin,$ cosA=\frac { b ^ { 2 } +c ^ { 2 } -a ^ { 2 }  } { 2bc } $,[MATH_PARSE_FAILED_130],cosA=\frac { b ^ { 2 } +c ^ { 2 } -a ^ { 2 } } { 2bc },[MATH_PARSE_FAILED_130],conversion_failure_placeholder; historical per-object error unavailable,True,
131,"{'block_index': 74, 'paragraph_index': 134, 'table_index': 11, 'row': 1, 'col': 0, 'run_index': 2, 'in_table_cell': True}",161,延伸思考：若是改求最大角之角度呢？延伸思考：若是改求最大角之角度呢？得[MathType OLE],word/embeddings/oleObject131.bin,$ cosA=\frac { 5 ^ { 2 } +3 ^ { 2 } -7 ^ { 2 }  } { 2\times 5\times 3 }=\frac { 25+9-49 } { 30 }=-\frac { 1 } { 2 } $,[MATH_PARSE_FAILED_131],cosA=\frac { 5 ^ { 2 } +3 ^ { 2 } -7 ^ { 2 } } { 2\times 5\times 3 }=\frac { 25+9-49 } { 30 }=-\frac { 1 } { 2 },[MATH_PARSE_FAILED_131],conversion_failure_placeholder; historical per-object error unavailable,True,
132,"{'block_index': 74, 'paragraph_index': 135, 'table_index': 11, 'row': 1, 'col': 0, 'run_index': 1, 'in_table_cell': True}",164,故[MathType OLE],word/embeddings/oleObject132.bin,$ \angle A=120{}^\circ  $,[MATH_PARSE_FAILED_132],\angle A=120{}^\circ,[MATH_PARSE_FAILED_132],conversion_failure_placeholder; historical per-object error unavailable,True,
133,"{'block_index': 74, 'paragraph_index': 138, 'table_index': 11, 'row': 1, 'col': 0, 'run_index': 7, 'in_table_cell': True}",167,5.設△ABC的三邊長[MathType OLE]、[MathType OLE]、[MathType OLE]，試求[MathType OLE]。,word/embeddings/oleObject133.bin,$ a=3 $,[MATH_PARSE_FAILED_133],a=3,[MATH_PARSE_FAILED_133],conversion_failure_placeholder; historical per-object error unavailable,True,
134,"{'block_index': 74, 'paragraph_index': 138, 'table_index': 11, 'row': 1, 'col': 0, 'run_index': 9, 'in_table_cell': True}",167,5.設△ABC的三邊長[MathType OLE]、[MathType OLE]、[MathType OLE]，試求[MathType OLE]。,word/embeddings/oleObject134.bin,$ b=8 $,[MATH_PARSE_FAILED_134],b=8,[MATH_PARSE_FAILED_134],conversion_failure_placeholder; historical per-object error unavailable,True,
135,"{'block_index': 74, 'paragraph_index': 138, 'table_index': 11, 'row': 1, 'col': 0, 'run_index': 11, 'in_table_cell': True}",167,5.設△ABC的三邊長[MathType OLE]、[MathType OLE]、[MathType OLE]，試求[MathType OLE]。,word/embeddings/oleObject135.bin,$ c=7 $,[MATH_PARSE_FAILED_135],c=7,[MATH_PARSE_FAILED_135],conversion_failure_placeholder; historical per-object error unavailable,True,
136,"{'block_index': 74, 'paragraph_index': 138, 'table_index': 11, 'row': 1, 'col': 0, 'run_index': 13, 'in_table_cell': True}",167,5.設△ABC的三邊長[MathType OLE]、[MathType OLE]、[MathType OLE]，試求[MathType OLE]。,word/embeddings/oleObject136.bin,$ \angle C $,[MATH_PARSE_FAILED_136],\angle C,[MATH_PARSE_FAILED_136],conversion_failure_placeholder; historical per-object error unavailable,True,
137,"{'block_index': 81, 'paragraph_index': 146, 'table_index': None, 'row': None, 'col': None, 'run_index': 4, 'in_table_cell': False}",175,AB路段與AC路段夾角為[MathType OLE]，如圖所示。若BC路段也,word/embeddings/oleObject137.bin,$ 60{}^\circ  $,[MATH_PARSE_FAILED_137],60{}^\circ,[MATH_PARSE_FAILED_137],conversion_failure_placeholder; historical per-object error unavailable,True,
138,"{'block_index': 86, 'paragraph_index': 151, 'table_index': None, 'row': None, 'col': None, 'run_index': 1, 'in_table_cell': False}",180,餘弦定理：[MathType OLE],word/embeddings/oleObject138.bin,$ a ^ { 2 } =b ^ { 2 } +c ^ { 2 } -2bccosA $,[MATH_PARSE_FAILED_138],a ^ { 2 } =b ^ { 2 } +c ^ { 2 } -2bccosA,[MATH_PARSE_FAILED_138],conversion_failure_placeholder; historical per-object error unavailable,True,
139,"{'block_index': 94, 'paragraph_index': 159, 'table_index': None, 'row': None, 'col': None, 'run_index': 3, 'in_table_cell': False}",188,1設[MathType OLE]表示△ABC的面積，a、b和c分別表示[MathType OLE]、[MathType OLE]和[MathType OLE]之對邊長，且R為其外接圓半徑，則,word/embeddings/oleObject139.bin,$ \Delta  $,[MATH_PARSE_FAILED_139],\Delta,[MATH_PARSE_FAILED_139],conversion_failure_placeholder; historical per-object error unavailable,True,
140,"{'block_index': 94, 'paragraph_index': 159, 'table_index': None, 'row': None, 'col': None, 'run_index': 14, 'in_table_cell': False}",188,1設[MathType OLE]表示△ABC的面積，a、b和c分別表示[MathType OLE]、[MathType OLE]和[MathType OLE]之對邊長，且R為其外接圓半徑，則,word/embeddings/oleObject140.bin,$ \angle A $,[MATH_PARSE_FAILED_140],\angle A,[MATH_PARSE_FAILED_140],conversion_failure_placeholder; historical per-object error unavailable,True,
141,"{'block_index': 94, 'paragraph_index': 159, 'table_index': None, 'row': None, 'col': None, 'run_index': 16, 'in_table_cell': False}",188,1設[MathType OLE]表示△ABC的面積，a、b和c分別表示[MathType OLE]、[MathType OLE]和[MathType OLE]之對邊長，且R為其外接圓半徑，則,word/embeddings/oleObject141.bin,$ \angle B $,[MATH_PARSE_FAILED_141],\angle B,[MATH_PARSE_FAILED_141],conversion_failure_placeholder; historical per-object error unavailable,True,
142,"{'block_index': 94, 'paragraph_index': 159, 'table_index': None, 'row': None, 'col': None, 'run_index': 18, 'in_table_cell': False}",188,1設[MathType OLE]表示△ABC的面積，a、b和c分別表示[MathType OLE]、[MathType OLE]和[MathType OLE]之對邊長，且R為其外接圓半徑，則,word/embeddings/oleObject142.bin,$ \angle C $,[MATH_PARSE_FAILED_142],\angle C,[MATH_PARSE_FAILED_142],conversion_failure_placeholder; historical per-object error unavailable,True,
143,"{'block_index': 95, 'paragraph_index': 160, 'table_index': None, 'row': None, 'col': None, 'run_index': 4, 'in_table_cell': False}",189,(1)[MathType OLE]　　　　[MathType OLE]。,word/embeddings/oleObject143.bin,$ \Delta =\frac { 1 } { 2 }absinC= $,[MATH_PARSE_FAILED_143],\Delta =\frac { 1 } { 2 }absinC=,[MATH_PARSE_FAILED_143],conversion_failure_placeholder; historical per-object error unavailable,True,
144,"{'block_index': 95, 'paragraph_index': 160, 'table_index': None, 'row': None, 'col': None, 'run_index': 6, 'in_table_cell': False}",189,(1)[MathType OLE]　　　　[MathType OLE]。,word/embeddings/oleObject144.bin,$ =\frac { 1 } { 2 }casinB $,[MATH_PARSE_FAILED_144],=\frac { 1 } { 2 }casinB,[MATH_PARSE_FAILED_144],conversion_failure_placeholder; historical per-object error unavailable,True,
145,"{'block_index': 96, 'paragraph_index': 161, 'table_index': None, 'row': None, 'col': None, 'run_index': 4, 'in_table_cell': False}",190,(2)[MathType OLE]　　　　[MathType OLE]　　　　。,word/embeddings/oleObject145.bin,$ \frac { a } { sinA }= $,[MATH_PARSE_FAILED_145],\frac { a } { sinA }=,[MATH_PARSE_FAILED_145],conversion_failure_placeholder; historical per-object error unavailable,True,
146,"{'block_index': 96, 'paragraph_index': 161, 'table_index': None, 'row': None, 'col': None, 'run_index': 6, 'in_table_cell': False}",190,(2)[MathType OLE]　　　　[MathType OLE]　　　　。,word/embeddings/oleObject146.bin,$ =\frac { c } { sinC }=2 $,[MATH_PARSE_FAILED_146],=\frac { c } { sinC }=2,[MATH_PARSE_FAILED_146],conversion_failure_placeholder; historical per-object error unavailable,True,
147,"{'block_index': 97, 'paragraph_index': 162, 'table_index': None, 'row': None, 'col': None, 'run_index': 4, 'in_table_cell': False}",191,(3)[MathType OLE]　　　　[MathType OLE]　　　　。,word/embeddings/oleObject147.bin,"$ a\,\ :\ \,b\,\ :\ \,c=sinA\,\ :\ \, $",[MATH_PARSE_FAILED_147],"a\,\ :\ \,b\,\ :\ \,c=sinA\,\ :\ \,",[MATH_PARSE_FAILED_147],conversion_failure_placeholder; historical per-object error unavailable,True,
148,"{'block_index': 97, 'paragraph_index': 162, 'table_index': None, 'row': None, 'col': None, 'run_index': 6, 'in_table_cell': False}",191,(3)[MathType OLE]　　　　[MathType OLE]　　　　。,word/embeddings/oleObject148.bin,"$ \,\ :\ \, $",[MATH_PARSE_FAILED_148],"\,\ :\ \,",[MATH_PARSE_FAILED_148],conversion_failure_placeholder; historical per-object error unavailable,True,
149,"{'block_index': 98, 'paragraph_index': 163, 'table_index': None, 'row': None, 'col': None, 'run_index': 4, 'in_table_cell': False}",192,(4)[MathType OLE]，[MathType OLE]　　　　　　，[MathType OLE]。,word/embeddings/oleObject149.bin,$ a ^ { 2 } =b ^ { 2 } +c ^ { 2 } -2bccosA $,[MATH_PARSE_FAILED_149],a ^ { 2 } =b ^ { 2 } +c ^ { 2 } -2bccosA,[MATH_PARSE_FAILED_149],conversion_failure_placeholder; historical per-object error unavailable,True,
150,"{'block_index': 98, 'paragraph_index': 163, 'table_index': None, 'row': None, 'col': None, 'run_index': 6, 'in_table_cell': False}",192,(4)[MathType OLE]，[MathType OLE]　　　　　　，[MathType OLE]。,word/embeddings/oleObject150.bin,$ b ^ { 2 } = $,[MATH_PARSE_FAILED_150],b ^ { 2 } =,[MATH_PARSE_FAILED_150],conversion_failure_placeholder; historical per-object error unavailable,True,
151,"{'block_index': 98, 'paragraph_index': 163, 'table_index': None, 'row': None, 'col': None, 'run_index': 9, 'in_table_cell': False}",192,(4)[MathType OLE]，[MathType OLE]　　　　　　，[MathType OLE]。,word/embeddings/oleObject151.bin,$ c ^ { 2 } =a ^ { 2 } +b ^ { 2 } -2abcosC $,[MATH_PARSE_FAILED_151],c ^ { 2 } =a ^ { 2 } +b ^ { 2 } -2abcosC,[MATH_PARSE_FAILED_151],conversion_failure_placeholder; historical per-object error unavailable,True,
152,"{'block_index': 99, 'paragraph_index': 164, 'table_index': None, 'row': None, 'col': None, 'run_index': 4, 'in_table_cell': False}",193,(5)[MathType OLE]，[MathType OLE]　　　　　　　　，[MathType OLE]。,word/embeddings/oleObject152.bin,$ cosA=\frac { b ^ { 2 } +c ^ { 2 } -a ^ { 2 }  } { 2bc } $,[MATH_PARSE_FAILED_152],cosA=\frac { b ^ { 2 } +c ^ { 2 } -a ^ { 2 } } { 2bc },[MATH_PARSE_FAILED_152],conversion_failure_placeholder; historical per-object error unavailable,True,
153,"{'block_index': 99, 'paragraph_index': 164, 'table_index': None, 'row': None, 'col': None, 'run_index': 6, 'in_table_cell': False}",193,(5)[MathType OLE]，[MathType OLE]　　　　　　　　，[MathType OLE]。,word/embeddings/oleObject153.bin,$ cosB= $,[MATH_PARSE_FAILED_153],cosB=,[MATH_PARSE_FAILED_153],conversion_failure_placeholder; historical per-object error unavailable,True,
154,"{'block_index': 99, 'paragraph_index': 164, 'table_index': None, 'row': None, 'col': None, 'run_index': 9, 'in_table_cell': False}",193,(5)[MathType OLE]，[MathType OLE]　　　　　　　　，[MathType OLE]。,word/embeddings/oleObject154.bin,$ cosC=\frac { a ^ { 2 } +b ^ { 2 } -c ^ { 2 }  } { 2ab } $,[MATH_PARSE_FAILED_154],cosC=\frac { a ^ { 2 } +b ^ { 2 } -c ^ { 2 } } { 2ab },[MATH_PARSE_FAILED_154],conversion_failure_placeholder; historical per-object error unavailable,True,
155,"{'block_index': 101, 'paragraph_index': 166, 'table_index': None, 'row': None, 'col': None, 'run_index': 6, 'in_table_cell': False}",195,2在△ABC中，已知[MathType OLE]、[MathType OLE]且[MathType OLE]，試求△ABC的面積。,word/embeddings/oleObject155.bin,$ b=6 $,[MATH_PARSE_FAILED_155],b=6,[MATH_PARSE_FAILED_155],conversion_failure_placeholder; historical per-object error unavailable,True,
156,"{'block_index': 101, 'paragraph_index': 166, 'table_index': None, 'row': None, 'col': None, 'run_index': 8, 'in_table_cell': False}",195,2在△ABC中，已知[MathType OLE]、[MathType OLE]且[MathType OLE]，試求△ABC的面積。,word/embeddings/oleObject156.bin,$ c=4 $,[MATH_PARSE_FAILED_156],c=4,[MATH_PARSE_FAILED_156],conversion_failure_placeholder; historical per-object error unavailable,True,
157,"{'block_index': 101, 'paragraph_index': 166, 'table_index': None, 'row': None, 'col': None, 'run_index': 10, 'in_table_cell': False}",195,2在△ABC中，已知[MathType OLE]、[MathType OLE]且[MathType OLE]，試求△ABC的面積。,word/embeddings/oleObject157.bin,$ \angle A=60{}^\circ  $,[MATH_PARSE_FAILED_157],\angle A=60{}^\circ,[MATH_PARSE_FAILED_157],conversion_failure_placeholder; historical per-object error unavailable,True,
158,"{'block_index': 103, 'paragraph_index': 168, 'table_index': None, 'row': None, 'col': None, 'run_index': 6, 'in_table_cell': False}",197,3在△ABC中，已知[MathType OLE]、[MathType OLE]，且[MathType OLE]，試求a及其外接圓半徑R。,word/embeddings/oleObject158.bin,$ b=8\sqrt[] { 2 } $,[MATH_PARSE_FAILED_158],b=8\sqrt[] { 2 },[MATH_PARSE_FAILED_158],conversion_failure_placeholder; historical per-object error unavailable,True,
159,"{'block_index': 103, 'paragraph_index': 168, 'table_index': None, 'row': None, 'col': None, 'run_index': 8, 'in_table_cell': False}",197,3在△ABC中，已知[MathType OLE]、[MathType OLE]，且[MathType OLE]，試求a及其外接圓半徑R。,word/embeddings/oleObject159.bin,$ \angle A=45{}^\circ  $,[MATH_PARSE_FAILED_159],\angle A=45{}^\circ,[MATH_PARSE_FAILED_159],conversion_failure_placeholder; historical per-object error unavailable,True,
160,"{'block_index': 103, 'paragraph_index': 168, 'table_index': None, 'row': None, 'col': None, 'run_index': 10, 'in_table_cell': False}",197,3在△ABC中，已知[MathType OLE]、[MathType OLE]，且[MathType OLE]，試求a及其外接圓半徑R。,word/embeddings/oleObject160.bin,$ \angle B=30{}^\circ  $,[MATH_PARSE_FAILED_160],\angle B=30{}^\circ,[MATH_PARSE_FAILED_160],conversion_failure_placeholder; historical per-object error unavailable,True,
161,"{'block_index': 105, 'paragraph_index': 170, 'table_index': None, 'row': None, 'col': None, 'run_index': 6, 'in_table_cell': False}",199,4在△ABC中，已知[MathType OLE]、[MathType OLE]，且[MathType OLE]，試求[MathType OLE]。,word/embeddings/oleObject161.bin,$ a=4 $,[MATH_PARSE_FAILED_161],a=4,[MATH_PARSE_FAILED_161],conversion_failure_placeholder; historical per-object error unavailable,True,
162,"{'block_index': 105, 'paragraph_index': 170, 'table_index': None, 'row': None, 'col': None, 'run_index': 8, 'in_table_cell': False}",199,4在△ABC中，已知[MathType OLE]、[MathType OLE]，且[MathType OLE]，試求[MathType OLE]。,word/embeddings/oleObject162.bin,$ b=2\sqrt[] { 6 } $,[MATH_PARSE_FAILED_162],b=2\sqrt[] { 6 },[MATH_PARSE_FAILED_162],conversion_failure_placeholder; historical per-object error unavailable,True,
163,"{'block_index': 105, 'paragraph_index': 170, 'table_index': None, 'row': None, 'col': None, 'run_index': 10, 'in_table_cell': False}",199,4在△ABC中，已知[MathType OLE]、[MathType OLE]，且[MathType OLE]，試求[MathType OLE]。,word/embeddings/oleObject163.bin,$ \angle B=120{}^\circ  $,[MATH_PARSE_FAILED_163],\angle B=120{}^\circ,[MATH_PARSE_FAILED_163],conversion_failure_placeholder; historical per-object error unavailable,True,
164,"{'block_index': 105, 'paragraph_index': 170, 'table_index': None, 'row': None, 'col': None, 'run_index': 12, 'in_table_cell': False}",199,4在△ABC中，已知[MathType OLE]、[MathType OLE]，且[MathType OLE]，試求[MathType OLE]。,word/embeddings/oleObject164.bin,$ \angle A $,[MATH_PARSE_FAILED_164],\angle A,[MATH_PARSE_FAILED_164],conversion_failure_placeholder; historical per-object error unavailable,True,
165,"{'block_index': 107, 'paragraph_index': 172, 'table_index': None, 'row': None, 'col': None, 'run_index': 6, 'in_table_cell': False}",201,5在△ABC中，若[MathType OLE]、[MathType OLE]，且[MathType OLE]，試求[MathType OLE]。,word/embeddings/oleObject165.bin,$ a=2 $,[MATH_PARSE_FAILED_165],a=2,[MATH_PARSE_FAILED_165],conversion_failure_placeholder; historical per-object error unavailable,True,
166,"{'block_index': 107, 'paragraph_index': 172, 'table_index': None, 'row': None, 'col': None, 'run_index': 8, 'in_table_cell': False}",201,5在△ABC中，若[MathType OLE]、[MathType OLE]，且[MathType OLE]，試求[MathType OLE]。,word/embeddings/oleObject166.bin,$ b=\sqrt[] { 2 } $,[MATH_PARSE_FAILED_166],b=\sqrt[] { 2 },[MATH_PARSE_FAILED_166],conversion_failure_placeholder; historical per-object error unavailable,True,
167,"{'block_index': 107, 'paragraph_index': 172, 'table_index': None, 'row': None, 'col': None, 'run_index': 10, 'in_table_cell': False}",201,5在△ABC中，若[MathType OLE]、[MathType OLE]，且[MathType OLE]，試求[MathType OLE]。,word/embeddings/oleObject167.bin,$ \angle A=45{}^\circ  $,[MATH_PARSE_FAILED_167],\angle A=45{}^\circ,[MATH_PARSE_FAILED_167],conversion_failure_placeholder; historical per-object error unavailable,True,
168,"{'block_index': 107, 'paragraph_index': 172, 'table_index': None, 'row': None, 'col': None, 'run_index': 12, 'in_table_cell': False}",201,5在△ABC中，若[MathType OLE]、[MathType OLE]，且[MathType OLE]，試求[MathType OLE]。,word/embeddings/oleObject168.bin,$ \angle B $,[MATH_PARSE_FAILED_168],\angle B,[MATH_PARSE_FAILED_168],conversion_failure_placeholder; historical per-object error unavailable,True,
169,"{'block_index': 109, 'paragraph_index': 174, 'table_index': None, 'row': None, 'col': None, 'run_index': 6, 'in_table_cell': False}",203,6設△ABC的三邊長[MathType OLE]、[MathType OLE]、[MathType OLE]，試求[MathType OLE]。,word/embeddings/oleObject169.bin,$ a=7 $,[MATH_PARSE_FAILED_169],a=7,[MATH_PARSE_FAILED_169],conversion_failure_placeholder; historical per-object error unavailable,True,
170,"{'block_index': 109, 'paragraph_index': 174, 'table_index': None, 'row': None, 'col': None, 'run_index': 8, 'in_table_cell': False}",203,6設△ABC的三邊長[MathType OLE]、[MathType OLE]、[MathType OLE]，試求[MathType OLE]。,word/embeddings/oleObject170.bin,$ b=8 $,[MATH_PARSE_FAILED_170],b=8,[MATH_PARSE_FAILED_170],conversion_failure_placeholder; historical per-object error unavailable,True,
171,"{'block_index': 109, 'paragraph_index': 174, 'table_index': None, 'row': None, 'col': None, 'run_index': 10, 'in_table_cell': False}",203,6設△ABC的三邊長[MathType OLE]、[MathType OLE]、[MathType OLE]，試求[MathType OLE]。,word/embeddings/oleObject171.bin,$ c=5 $,[MATH_PARSE_FAILED_171],c=5,[MATH_PARSE_FAILED_171],conversion_failure_placeholder; historical per-object error unavailable,True,
172,"{'block_index': 109, 'paragraph_index': 174, 'table_index': None, 'row': None, 'col': None, 'run_index': 12, 'in_table_cell': False}",203,6設△ABC的三邊長[MathType OLE]、[MathType OLE]、[MathType OLE]，試求[MathType OLE]。,word/embeddings/oleObject172.bin,$ \angle A $,[MATH_PARSE_FAILED_172],\angle A,[MATH_PARSE_FAILED_172],conversion_failure_placeholder; historical per-object error unavailable,True,
173,"{'block_index': 111, 'paragraph_index': 176, 'table_index': None, 'row': None, 'col': None, 'run_index': 6, 'in_table_cell': False}",205,7設△ABC的三邊長[MathType OLE]、[MathType OLE]、[MathType OLE]，試求[MathType OLE]。,word/embeddings/oleObject173.bin,$ a=\sqrt[] { 3 } $,[MATH_PARSE_FAILED_173],a=\sqrt[] { 3 },[MATH_PARSE_FAILED_173],conversion_failure_placeholder; historical per-object error unavailable,True,
174,"{'block_index': 111, 'paragraph_index': 176, 'table_index': None, 'row': None, 'col': None, 'run_index': 8, 'in_table_cell': False}",205,7設△ABC的三邊長[MathType OLE]、[MathType OLE]、[MathType OLE]，試求[MathType OLE]。,word/embeddings/oleObject174.bin,$ b=2\sqrt[] { 3 } $,[MATH_PARSE_FAILED_174],b=2\sqrt[] { 3 },[MATH_PARSE_FAILED_174],conversion_failure_placeholder; historical per-object error unavailable,True,
175,"{'block_index': 111, 'paragraph_index': 176, 'table_index': None, 'row': None, 'col': None, 'run_index': 10, 'in_table_cell': False}",205,7設△ABC的三邊長[MathType OLE]、[MathType OLE]、[MathType OLE]，試求[MathType OLE]。,word/embeddings/oleObject175.bin,$ c=3 $,[MATH_PARSE_FAILED_175],c=3,[MATH_PARSE_FAILED_175],conversion_failure_placeholder; historical per-object error unavailable,True,
176,"{'block_index': 111, 'paragraph_index': 176, 'table_index': None, 'row': None, 'col': None, 'run_index': 12, 'in_table_cell': False}",205,7設△ABC的三邊長[MathType OLE]、[MathType OLE]、[MathType OLE]，試求[MathType OLE]。,word/embeddings/oleObject176.bin,$ \angle C $,[MATH_PARSE_FAILED_176],\angle C,[MATH_PARSE_FAILED_176],conversion_failure_placeholder; historical per-object error unavailable,True,
177,"{'block_index': 113, 'paragraph_index': 178, 'table_index': None, 'row': None, 'col': None, 'run_index': 12, 'in_table_cell': False}",207,8設△ABC中，a、b、c為三邊長，若[MathType OLE]，試求[MathType OLE]。（提示：將式子左式化成[MathType OLE]）,word/embeddings/oleObject177.bin,$ a ^ { 2 } -\left ( { b+c } \right ) ^ { 2 } =-bc $,[MATH_PARSE_FAILED_177],a ^ { 2 } -\left ( { b+c } \right ) ^ { 2 } =-bc,[MATH_PARSE_FAILED_177],conversion_failure_placeholder; historical per-object error unavailable,True,
178,"{'block_index': 113, 'paragraph_index': 178, 'table_index': None, 'row': None, 'col': None, 'run_index': 14, 'in_table_cell': False}",207,8設△ABC中，a、b、c為三邊長，若[MathType OLE]，試求[MathType OLE]。（提示：將式子左式化成[MathType OLE]）,word/embeddings/oleObject178.bin,$ \angle A $,[MATH_PARSE_FAILED_178],\angle A,[MATH_PARSE_FAILED_178],conversion_failure_placeholder; historical per-object error unavailable,True,
179,"{'block_index': 113, 'paragraph_index': 178, 'table_index': None, 'row': None, 'col': None, 'run_index': 18, 'in_table_cell': False}",207,8設△ABC中，a、b、c為三邊長，若[MathType OLE]，試求[MathType OLE]。（提示：將式子左式化成[MathType OLE]）,word/embeddings/oleObject179.bin,$ \frac { b ^ { 2 } +c ^ { 2 } -a ^ { 2 }  } { 2bc }=cosA $,[MATH_PARSE_FAILED_179],\frac { b ^ { 2 } +c ^ { 2 } -a ^ { 2 } } { 2bc }=cosA,[MATH_PARSE_FAILED_179],conversion_failure_placeholder; historical per-object error unavailable,True,
180,"{'block_index': 117, 'paragraph_index': 182, 'table_index': None, 'row': None, 'col': None, 'run_index': 10, 'in_table_cell': False}",211,9如圖，國外某一湖泊，建商想在湖泊旁蓋A、B兩棟度假飯店，今在湖之遠處C點，測得[MathType OLE]公里、[MathType OLE]公里，且[MathType OLE]，試求A、B兩棟飯店的直線距離。,word/embeddings/oleObject180.bin,$  {\overline{ CA }} =2\sqrt[] { 2 } $,[MATH_PARSE_FAILED_180],{\overline{ CA }} =2\sqrt[] { 2 },[MATH_PARSE_FAILED_180],conversion_failure_placeholder; historical per-object error unavailable,True,
181,"{'block_index': 117, 'paragraph_index': 182, 'table_index': None, 'row': None, 'col': None, 'run_index': 12, 'in_table_cell': False}",211,9如圖，國外某一湖泊，建商想在湖泊旁蓋A、B兩棟度假飯店，今在湖之遠處C點，測得[MathType OLE]公里、[MathType OLE]公里，且[MathType OLE]，試求A、B兩棟飯店的直線距離。,word/embeddings/oleObject181.bin,$  {\overline{ CB }} =4 $,[MATH_PARSE_FAILED_181],{\overline{ CB }} =4,[MATH_PARSE_FAILED_181],conversion_failure_placeholder; historical per-object error unavailable,True,
182,"{'block_index': 117, 'paragraph_index': 182, 'table_index': None, 'row': None, 'col': None, 'run_index': 14, 'in_table_cell': False}",211,9如圖，國外某一湖泊，建商想在湖泊旁蓋A、B兩棟度假飯店，今在湖之遠處C點，測得[MathType OLE]公里、[MathType OLE]公里，且[MathType OLE]，試求A、B兩棟飯店的直線距離。,word/embeddings/oleObject182.bin,$ \angle ACB=135{}^\circ  $,[MATH_PARSE_FAILED_182],\angle ACB=135{}^\circ,[MATH_PARSE_FAILED_182],conversion_failure_placeholder; historical per-object error unavailable,True,
183,"{'block_index': 119, 'paragraph_index': 184, 'table_index': None, 'row': None, 'col': None, 'run_index': 18, 'in_table_cell': False}",213,10歐洲某大城市為提升旅遊品質吸引遊客到訪，決定在A、B、C三大觀光景點等距離的地方，設置免費的WiFi基地臺，已知三景點間的距離為[MathType OLE]公尺、[MathType OLE]公尺、[MathType OLE]公尺，則基地臺與三大景點的距離為幾公尺呢？,word/embeddings/oleObject183.bin,$  {\overline{ AB }} =50 $,[MATH_PARSE_FAILED_183],{\overline{ AB }} =50,[MATH_PARSE_FAILED_183],conversion_failure_placeholder; historical per-object error unavailable,True,
184,"{'block_index': 119, 'paragraph_index': 184, 'table_index': None, 'row': None, 'col': None, 'run_index': 20, 'in_table_cell': False}",213,10歐洲某大城市為提升旅遊品質吸引遊客到訪，決定在A、B、C三大觀光景點等距離的地方，設置免費的WiFi基地臺，已知三景點間的距離為[MathType OLE]公尺、[MathType OLE]公尺、[MathType OLE]公尺，則基地臺與三大景點的距離為幾公尺呢？,word/embeddings/oleObject184.bin,$  {\overline{ AC }} =70 $,[MATH_PARSE_FAILED_184],{\overline{ AC }} =70,[MATH_PARSE_FAILED_184],conversion_failure_placeholder; historical per-object error unavailable,True,
185,"{'block_index': 119, 'paragraph_index': 184, 'table_index': None, 'row': None, 'col': None, 'run_index': 22, 'in_table_cell': False}",213,10歐洲某大城市為提升旅遊品質吸引遊客到訪，決定在A、B、C三大觀光景點等距離的地方，設置免費的WiFi基地臺，已知三景點間的距離為[MathType OLE]公尺、[MathType OLE]公尺、[MathType OLE]公尺，則基地臺與三大景點的距離為幾公尺呢？,word/embeddings/oleObject185.bin,$  {\overline{ BC }} =80 $,[MATH_PARSE_FAILED_185],{\overline{ BC }} =80,[MATH_PARSE_FAILED_185],conversion_failure_placeholder; historical per-object error unavailable,True,
